LR_Diff,RodPulse,RodIndex,SizeName,Red,Red/Orange,Dark Orange,Orange,Green,Scar,Texture,Blem,Dark Blem,Trapeziod Angle (Deg),Stem angle,Smoothness,Flatness,Elongation,Calyx size,Stem Size,IQS 1 avg,IQS 2 avg,Rough skin,Fruit Center X (mm),Fruit Center Y (mm)
35.7,240,34,72,0,0,0,0,0,5.7347,5351.9482,577.0512,3.5851,180,167.1846,100,4.1047,1.452,271.5602,774.8869,13.99,20.605,0,2.6893,-2.2368
33.6,10,182,72,0.0821,0.149,6.5755,92.0223,0.0153,0.6629,497.1714,9.5751,0,180,167.2853,100,3.4646,6.1942,1.674,269.2078,11.84,32.01,74.0741,4.4238,-3.5985
36.6,15,187,56,0.1039,0.2001,9.7995,88.2475,0,0.204,933.4637,30.8395,2.1875,180,162.7422,100,4.2257,3.6664,112.996,585.5748,11.495,32.33,67.8571,4.5075,-5.239
38.1,26,198,40,0.3929,0.4368,16.4902,81.9218,0.2078,0.2793,1309.7985,4.9444,14.7159,156.396,180,62.6669,5.0297,4.429,205.7188,578.3512,11.89,34.735,92.5926,2.7032,0.8197
39.1,30,202,40,0.3597,0.2155,12.6225,86.3907,0,0.0356,1234.3666,40.5629,3.0353,180,177.7695,100,5.9253,5.605,142.9441,579.0642,11.77,33.92,80.7692,4.2563,-2.3657
8,33,205,56,0.1613,0.3406,9.3458,88.1484,0.1308,0.3728,445.977,20.7636,0,180,150.1433,100,4.9337,3.7446,1.6345,405.9722,11.395,31.72,77.7778,3.2937,-2.5286
13.8,39,211,56,0.1218,0.3293,9.1016,89.7961,0.0838,0.316,1419.859,23.488,12.8228,180,175.9481,91.4624,9.4772,3.7957,86.9645,253.5595,11.52,33.295,100,2.3744,-3.0497
41.6,42,214,48,0.0945,0.168,8.1167,89.1679,0.007,0.1715,939.8261,4.0808,26.6673,180,170.7758,84.8194,5.3364,6.2342,87.2178,311.0551,11.315,32.39,59.2593,3.1734,-3.7447
-29.3,52,224,32,0.184,0.2146,13.2507,83.9707,0.0628,0.2205,1538.2806,185.0065,1.6265,180,171.5982,82.7274,6.8551,4.3232,1.9076,59.0481,10.66,36.23,84.6154,5.3248,-1.762
65.6,54,226,40,0.3055,0.3752,12.1073,84.2633,0.0534,0.2892,1113.1658,83.1646,6.414,180,149.5371,100,4.9883,10.116,168.197,641.0723,11.325,34.865,92.3077,2.7555,2.6498
10.4,56,228,56,0.2322,0.2643,14.5398,84.3991,0.0774,0.1661,654.0533,3.897,1.9069,180,167.5685,100,4.8016,3.6852,119.771,437.818,12.075,32.94,73.0769,2.6891,-4.85
39.9,62,234,48,0.1751,0.2232,10.0022,88.7119,0,0.0755,857.3968,43.0941,11.8053,180,160.6617,100,11.4286,6.5216,4.1695,468.7014,10.845,36.19,96.2963,0.6641,-1.1379
41.1,66,238,48,0.1516,0.1722,12.765,86.67,0.0517,0.0999,793.3963,36.1378,1.6211,180,159.9986,75.8247,4.0044,4.3095,136.7121,320.6633,11.9,33.7,100,2.654,-3.6987
31,67,239,48,0.0274,0.209,7.249,91.1594,0.1422,0.4437,1120.0005,201.8731,24.2781,180,167.3495,66.9015,7.296,10.9806,197.829,334.5181,11.19,33.275,88.4615,2.0459,-2.8466
11.5,68,240,56,0.0362,0.1753,6.3049,92.0203,0.0076,0.2648,540.8046,8.7873,3.2788,180,156.8253,90.4883,4.6876,3.7093,193.7216,255.4223,11.12,33.045,66.6667,1.8962,-2.2978
30,72,244,48,0.4272,0.5332,12.5167,84.1253,0.0642,0.4015,1032.7605,71.2155,18.664,180,177.0072,91.2576,7.5104,8.583,254.929,720.2507,11.65,33.635,100,1.5735,1.0539
19.9,78,250,72,0.064,0.1492,9.2456,89.866,0.247,0.2363,497.7873,1.9214,1.0979,180,180,83.9907,3.5548,12.3977,131.1272,281.78,11.755,33.6,19.2308,2.5637,-2.9759
2.5,82,254,48,0.1014,0.2138,13.6682,85.1201,0.038,0.1172,1531.1317,85.5577,10.8087,180,180,100,6.4745,7.375,194.012,305.1687,11.12,34.49,77.7778,2.9154,-0.484
-1.6,83,255,36,0.0703,0.1177,8.9503,89.5842,0,0.1131,1230.7882,130.1356,3.8335,180,149.4628,71.9946,5.9824,4.5649,8.5756,96.4854,11.14,30.24,88.8889,4.7749,-6.3885
17.3,85,257,48,0.1646,0.251,9.4195,89.029,0.1271,0.1842,453.6311,19.6095,6.5037,180,142.0786,21.6999,10.0403,5.2742,174.9408,417.4786,11.215,33.645,73.0769,0.9211,-1.7445
26,87,259,56,0.099,0.1536,10.1654,88.3207,0.2133,0.2475,467.5523,38.1859,5.5079,180,159.8012,80.401,8.126,10.6821,243.616,411.5732,11.775,33.92,70.3704,1.9616,1.6933
-4.9,89,261,56,0.1485,0.1763,7.1777,91.5233,0,0.0946,553.8146,0.2724,0,180,171.0679,100,4.8251,1.8933,190.6862,453.0414,11.065,35.185,74.0741,2.4773,-0.8443
13.8,92,264,72,0.0079,0.1107,2.0118,86.8108,0,2.2647,349.0767,97.7815,6.3035,180,172.813,88.9033,6.2321,3.1757,209.0617,333.0288,9.9,30.56,67.8571,2.5189,-0.5165
12.5,98,270,56,0.0778,0.1964,5.2788,93.6818,0.0037,0.1408,535.4181,12.9409,0,180,163.6961,94.0452,4.9382,8.6268,64.7266,210.4306,10.9,35.08,22.2222,5.3421,-3.1438
25.7,100,272,56,0.0743,0.141,6.5285,92.7724,0.0267,0.24,479.5203,21.0826,0,180,178.4406,93.1248,5.7657,2.5644,63.519,353.9959,10.895,35.705,61.5385,2.4749,-0.7539
44.3,101,273,40,0.0371,0.0989,8.5758,89.9655,0.258,0.5563,938.8108,50.4806,4.3103,180,180,93.8027,7.7151,11.7516,245.9037,482.1889,10.96,35.505,74.0741,3.5649,-1.8711
29,107,279,48,0.2316,0.2525,10.8712,87.4362,0.0905,0.4998,1259.1028,15.0139,71.4617,180,180,100,6.837,3.9369,217.7784,550.2906,11.89,33.78,55.5556,3.5468,-1.5059
24.3,109,281,56,0.1856,0.258,9.3334,89.4232,0.0779,0.3025,485.1614,4.9257,1.3682,165.7128,180,100,4.8443,2.6174,183.9523,402.559,11.905,33.54,40.7407,2.2286,-1.788
32.4,112,284,40,0.284,0.3328,11.647,86.6554,0.0061,0.1893,1187.0438,46.0322,8.5855,180,180,94.6637,5.0752,5.4727,170.9464,448.3122,11.87,33.26,100,4.112,-3.228
21.2,114,286,56,0.3157,0.6071,9.6451,88.9501,0.0075,0.1065,914.7385,34.9122,0.2775,180,153.0647,100,6.7664,4.1593,235.024,290.2882,11.665,33.29,84.6154,1.1303,-4.5658
26.4,123,295,72,0.1152,0.196,8.1823,89.9242,0,0.2364,352.0014,1.9244,5.7731,180,166.6735,100,3.8581,3.9667,85.0898,298.7802,11.87,33.215,22.2222,3.3758,-3.8452
18.2,124,296,56,0.1009,0.1706,11.0382,87.3774,0.0367,0.1632,490.5788,36.4164,7.0667,180,169.6869,100,6.7764,3.8739,234.7104,457.4978,11.385,34.425,62.963,3.2033,-2.0486
14,125,297,48,0.0439,0.1142,9.5406,89.4071,0.007,0.1704,902.3887,113.8315,2.1744,180,162.6531,100,4.3293,3.9158,79.3648,467.4699,11.585,32.725,100,3.1324,-2.5691
35.7,126,298,56,0.0646,0.1476,8.8617,90.3783,0.0203,0.1531,793.0568,58.9132,0.8172,180,156.0701,100,7.3345,3.9771,11.1172,314.7147,12.11,30.28,52,3.5557,-3.1066
18.5,128,300,40,0.0705,0.1803,10.1798,88.2255,0,0.1065,833.8604,83.5197,8.6143,180,149.3122,100,7.208,4.327,41.6041,374.4633,11.37,32.74,76.9231,3.6129,-2.9864
27.9,129,301,56,0.0762,0.2109,5.4912,93.2121,0.0117,0.2597,274.7948,6.6435,0,180,157.4473,80.5269,4.6147,2.9871,159.0211,314.4297,10.82,34.87,65.3846,4.0486,1.2971
13.8,131,303,48,0.1356,0.1493,7.8983,90.2906,0.0103,0.2884,407.6963,24.699,4.9887,180,176.3388,65.252,3.882,3.3468,205.9865,772.7854,11.105,33.33,96.2963,2.7232,-2.3296
25.5,134,306,88,0.1542,0.1648,6.7826,92.4296,0.0824,0.2683,344.9824,2.7998,0.8312,180,173.1568,56.9519,5.9318,5.7364,28.8603,266.1925,11.705,33.76,30.7692,2.7258,-3.4737
33.4,135,307,48,0.0848,0.1733,9.6655,87.688,0,0.2473,1269.6289,105.2652,5.4166,180,151.5349,100,4.1636,6.858,178.7263,317.8052,10.75,33.57,74.0741,4.9212,-4.3334
22.2,138,310,48,0.0973,0.2246,7.5734,89.9086,0.0354,0.2741,838.3179,34.6697,22.2743,180,152.6078,45.8512,4.5681,5.6891,2.4442,433.5697,10.86,34.8,92.5926,2.4956,-1.7088
-2.8,143,315,40,0.1208,0.1633,10.0472,87.5953,0,0.2335,817.3355,88.9427,5.0888,180,152.763,60.2443,5.9116,3.8289,127.4748,559.6469,11.49,33.995,69.2308,2.3517,-0.9848
60.6,146,318,56,0.094,0.2084,7.4388,90.2322,0.0018,0.2987,259.1635,9.2411,0,180,161.3615,100,4.9037,4.3109,185.8156,348.128,11.225,34.295,50,3.9832,1.2168
36.1,149,321,48,0.1874,0.3317,11.5801,86.6087,0.0398,0.2438,933.3865,34.2836,22.4926,180,148.8641,52.5389,6.3629,4.4438,1.8981,398.0629,11.2,33.72,65.3846,2.2236,-1.1349
18.2,154,326,56,0.1019,0.1729,12.5865,86.3851,0.0036,0.1729,805.7509,29.7331,2.7309,180,173.4321,82.8446,8.9285,3.5137,240.1819,344.9597,12.295,29.47,84.6154,1.125,-0.4998
29.2,160,332,48,0.2706,0.2362,10.9947,88.0442,0,0.0705,1231.5895,62.4862,10.7758,180,166.5973,100,5.0515,2.2755,2.2059,758.347,10.99,33.78,73.0769,2.4163,-1.9394
31.1,195,33,56,0.0893,0.1976,14.832,83.8193,0.0114,0.2185,575.7463,74.9397,0,180,139.2454,100,9.6522,5.2308,8.1214,564.4977,12.535,31.07,81.4815,2.5847,-2.4022
22.7,203,41,56,0.1415,0.3717,9.4246,88.6063,0.1006,0.4995,827.9462,9.7506,2.5073,180,180,95.1311,2.8627,6.9192,155.8024,564.1832,11.76,32.6,92.5926,2.0224,1.3731
19,208,46,40,0.178,0.198,8.6826,89.5972,0.0017,0.1031,776.9063,34.5382,12.1857,180,155.2233,94.532,7.6143,3.2952,194.5032,799.6393,11.295,32.895,77.7778,0.1548,-4.4458
23.3,219,57,48,0.12,0.2061,9.721,89.0539,0,0.1352,795.8447,56.5844,27.5486,180,161.5054,18.1841,8.6544,2.7199,25.4979,583.2262,10.71,36.085,78.5714,1.4194,-2.3788
18,233,71,48,0.1848,0.1937,11.4497,87.3314,0,0.1546,391.0173,25.6339,0,180,144.9384,100,7.1625,2.8912,255.1641,449.9747,11.725,32.89,65.3846,2.3197,-4.5546
-5.4,235,73,40,0.051,0.1344,7.289,91.8879,0,0.1633,750.6273,62.2976,5.4359,180,143.1657,100,10.7782,6.8011,1.8871,247.4209,11.105,33.2,50,-0.3236,-2.6747
11.5,239,77,36,0.1156,0.3692,10.2389,87.6718,0.066,0.1321,1196.8436,80.2798,24.2183,180,146.285,74.1781,11.374,6.9097,151.2943,783.4117,11.65,32.18,80.7692,2.7945,-2.086
12.2,242,80,56,0.0473,0.2102,6.8675,90.9778,0,0.479,266.5973,0,0,180,179.1856,100,5.2732,4.0796,228.196,257.4244,11.385,32.26,39.2857,2.0443,-0.8273
20.7,245,83,88,0.0716,0.2084,5.5201,93.54,0.0022,0.3017,588.3438,25.4728,11.0738,180,162.1599,100,3.5142,3.6095,150.0494,193.1403,11.495,34.3,64,1.6064,-2.9035
31.9,246,84,56,0.076,0.1519,5.7366,93.0828,0.2692,0.3963,1101.4452,22.095,0,180,180,84.0344,5.6798,13.27,187.111,525.5005,11.46,33.45,76.9231,3.3755,-4.222
26.2,249,87,36,0.1123,0.1378,11.4587,86.9221,0.2075,0.4745,1158.8719,29.8675,16.96,180,180,100,7.9553,9.9383,63.6409,506.649,11.22,35.04,85.1852,1.4805,-1.9337
15.4,251,89,56,0.0449,0.1938,6.6013,92.2213,0.0592,0.2172,591.0001,3.2689,1.0896,180,180,94.9116,6.9215,3.9304,236.7629,288.6271,11.21,33.855,51.8519,2.1838,-0.8899
8.8,252,90,48,0.1583,0.3765,11.8374,85.8904,0.0483,0.4015,1298.3951,54.3895,40.2769,150.1343,180,95.1252,6.1673,6.4838,152.0708,363.7417,10.44,35.095,100,2.2129,0.0168
30.4,255,93,40,0.068,0.1329,9.9024,88.9729,0.0016,0.0965,1436.1584,50.0432,15.9172,180,172.5278,100,7.296,3.902,1.6441,445.8929,10.675,36.025,81.4815,1.0592,-2.9901
45.6,0,94,48,0.0594,0.1476,12.089,87.4122,0.0543,0.1764,837.6675,0.5543,0.2698,170.3948,180,100,6.796,3.3349,188.8386,425.3531,11.8,33.41,77.7778,2.1545,-4.418
43.6,3,97,56,0.0577,0.1805,9.4293,89.1673,0,0.1731,544.126,42.8017,6.7161,180,161.103,100,6.7686,2.4225,227.6799,353.2892,11.515,30.665,40.7407,2.4668,-3.2818
21.2,5,99,56,0.041,0.2887,6.7033,92.4921,0.0838,0.2682,895.8477,29.1297,0,174.373,180,100,4.2626,4.1419,130.4336,393.5877,11.91,31.75,80.7692,1.3471,-3.4161
4.5,6,100,56,0.1949,0.1968,11.0054,88.377,0,0.1184,1299.8854,28.6723,10.6357,180,170.0387,72.3869,6.7267,3.7867,131.4101,213.3608,11.115,34.28,65.3846,4.4176,-2.4662
23.6,8,102,56,0.019,0.1233,4.3002,84.5767,0.1423,2.6347,303.7282,15.8048,12.8349,154.3716,180,84.1321,4.8001,4.2696,114.3931,292.2303,9.705,29.045,80.7692,4.621,0.1009
50.4,13,107,48,0.1337,0.2092,8.5791,89.9894,0,0.1286,902.1288,45.7971,10.0266,180,162.7307,93.9433,5.2723,3.1107,1.356,776.0897,11.665,33.62,80.7692,2.773,-3.3489
35.5,16,110,56,0.0613,0.2416,6.8481,91.9204,0.0487,0.559,1199.7813,3.5467,1.1227,180,158.2123,93.8915,5.7611,9.4033,105.2364,435.7908,11.74,33.875,80,1.8704,-3.6129
-2.2,18,112,88,0.154,0.7075,8.8123,78.2638,1.4191,3.683,2233.9834,171.6225,58.5016,180,148.6063,100,7.7909,8.3218,250.76,806.6066,11.405,31.665,82.1429,1.9789,-0.9465
63.2,21,115,48,0.1142,0.2744,8.7665,89.6902,0.138,0.4409,1266.47,13.8218,1.8885,180,180,100,3.4392,6.7084,199.6626,631.0656,11.95,33.6,81.4815,3.7315,-2.2231
15.7,26,120,48,0.0242,0.1915,8.4946,86.8233,0.05,1.4439,1248.8265,46.2036,36.1388,166.2981,180,100,6.8302,3.9002,180.7026,391.2598,11.425,30.805,59.2593,1.8013,-2.4835
18.9,27,121,56,0.1188,0.2066,7.8819,90.9425,0,0.0859,657.8454,2.9879,8.9493,180,171.6014,100,5.5686,3.5202,2.2304,422.6007,11.105,34.29,53.8462,3.3611,-2.4042
14.9,28,122,72,0.0791,0.1345,4.8633,94.2763,0,0.0534,281.6498,2.2315,0,180,171.1954,100,7.5869,2.7064,189.0638,344.7404,11.05,34.615,50,1.4631,-2.1176
16.6,29,123,40,0.1734,0.2967,9.5279,88.4151,0.0017,0.2084,1706.5043,125.1395,18.8533,180,170.1655,100,4.1838,3.4138,129.2271,479.01,10.825,33.835,68,3.1664,-3.4582
17,32,126,36,0.0732,0.242,9.3341,88.9605,0.0191,0.1226,1189.6173,19.9088,8.2244,180,177.3605,38.4203,4.9136,3.7931,118.8377,486.6766,11.03,34.23,96.4286,4.0869,-0.3962
23.4,33,127,48,0.0867,0.0772,7.738,91.3653,0.1529,0.3609,1630.6923,83.6819,22.4091,180,149.4935,87.3507,9.0389,8.2195,2.6989,587.7194,11.795,33.525,77.7778,2.6659,0.1493
8.3,34,128,72,0.0497,0.2161,4.7364,93.665,0.0382,0.371,222.6262,3.3066,5.7865,180,180,100,4.0855,9.0074,69.2964,332.7383,10.95,34.33,19.2308,4.1409,-0.761
-15.4,36,130,36,0.0891,0.1702,13.366,82.8622,0,0.1913,1481.1781,167.9038,11.5448,180,165.3621,100,7.347,4.5667,1.3334,333.8086,11.49,32.97,70.3704,3.1172,-3.1065
42.3,41,135,48,0.1385,0.1299,14.3534,84.5866,0.0034,0.0889,883.3774,54.5219,0.8315,180,142.2935,89.9678,4.8585,4.322,1.9415,580.8401,11.61,33.14,76.9231,5.242,-3.9894
21.7,42,136,48,0.0441,0.1679,6.7616,91.9329,0,0.1458,942.6672,73.2784,12.7705,180,159.4817,100,7.9238,3.067,206.694,355.5225,11.525,34.4,69.2308,3.708,-1.1619
26.2,44,138,40,0.0423,0.3106,8.1026,90.3854,0.1721,0.4083,1160.3407,24.7417,0,180,180,94.6709,5.3037,8.625,220.9071,606.9084,11.36,33.27,51.8519,3.3366,-3.9167
27.7,45,139,48,0.1387,0.3237,8.7618,89.5205,0.0875,0.2527,1176.0864,35.9799,25.717,180,175.4376,100,4.2408,5.1115,193.6416,433.5853,11.125,34.56,69.2308,3.1885,-3.4759
22.2,49,143,40,0.0697,0.2789,8.0165,89.8983,0.0957,0.4135,795.4926,24.1434,0.54,180,180,94.194,3.7334,6.2711,266.0331,577.8433,11.18,32.75,76,4.2658,-4.7063
6.7,51,145,48,0.0676,0.1439,4.8736,93.7394,0,0.1231,387.0835,47.6103,0.2714,180,153.2084,92.0292,4.4853,5.2773,4.6072,415.0659,10.745,34.655,60.7143,3.7027,-4.1583
18.7,54,148,40,0.1182,0.2065,9.2387,89.8627,0.0394,0.1766,1390.5186,18.0347,10.4987,180,172.9244,100,5.6929,2.197,208.4721,384.2762,10.86,34.46,66.6667,3.7413,-4.021
23,55,149,48,0.1255,0.1926,11.7618,87.6605,0.0034,0.1083,728.0134,27.4742,15.9687,180,168.0098,100,6.3204,4.9766,39.691,454.3822,11.29,35.33,96.2963,4.3355,-5.447
9.4,56,150,56,0.0446,0.1435,4.9244,93.7708,0,0.221,469.9379,29.3466,11.2476,180,161.207,95.16,6.4769,3.4057,242.5408,292.8718,11.3,33.035,40.7407,5.3397,-4.9765
48.8,57,151,36,0.1069,0.1896,12.4477,84.8975,0.003,0.1836,995.4386,111.4686,2.1334,180,143.53,100,7.3053,3.7627,42.8416,366.3153,11.67,33.53,92.5926,5.5255,-3.121
21.5,60,154,72,0.1595,0.4108,6.5349,92.2606,0.1655,0.3251,339.8988,1.0988,0,177.9653,180,82.5152,3.6817,3.8744,136.2946,325.1375,11.755,33.795,19.2308,3.2654,-4.412
37.2,65,159,40,0.0963,0.1791,10.7399,88.1524,0.0587,0.2739,958.7059,0.8199,0,180,180,100,4.4064,9.9722,192.8574,489.1284,11.87,33.4,73.0769,4.2537,-3.3906
23.6,69,163,56,0.0903,0.1416,8.1468,91.1187,0.0106,0.2549,831.0605,6.8484,5.5023,180,175.3659,92.3823,7.085,7.0674,182.6064,338.382,11.46,34.165,69.2308,2.6933,-3.4027
25.3,71,165,36,0.244,0.4614,13.4692,84.0434,0.1479,0.2558,1669.4763,19.2152,0,180,180,4.101,8.863,8.7288,84.8973,684.3506,11.35,33.6,88.4615,5.3439,-2.1971
19.2,74,168,48,0.0476,0.1172,7.0694,92.0675,0.0832,0.3891,771.8707,3.0575,0,180,147.3371,100,3.5861,6.3047,173.5597,360.4117,11.56,33.495,61.5385,3.1732,-4.033
25.4,75,169,56,0.1383,0.3465,9.2793,89.5877,0.07,0.2819,452.3254,0.2726,0,180,180,94.7148,5.5776,7.2298,78.3367,510.8881,11.14,34.605,85.1852,5.7997,-0.8468
45.1,77,171,48,0.065,0.2199,10.2772,88.7551,0.0899,0.3315,621.7465,16.2888,10.5911,180,180,100,5.9845,8.5119,170.4648,362.3375,11.54,33.24,96.1538,2.8392,-0.8926
22.4,78,172,56,0.0901,0.1663,7.8085,91.6355,0.0139,0.1905,969.6258,20.5194,0,180,161.7308,100,5.522,8.8052,158.5916,222.9575,11.005,33.7,84.6154,4.3618,-4.3766
14.7,80,174,56,0.1423,0.3249,7.3736,91.497,0.0422,0.2424,845.2451,48.4953,3.8325,180,170.0499,94.1919,5.5982,11.0426,85.5442,370.1645,11.26,33.795,53.8462,3.988,-1.3839
20.7,81,175,72,0.0917,0.1756,6.1388,92.8858,0,0.0585,323.4614,26.495,0,180,168.9366,100,6.8486,3.7096,142.0178,361.2266,11.32,34.555,67.8571,6.0198,-2.6853
3.3,83,177,56,0.1331,0.1529,12.9087,86.2299,0,0.1097,484.3803,10.212,0,180,163.1439,100,4.7519,1.96,207.8263,394.4008,11.62,33.49,80.7692,5.6394,-1.0227
144.2,86,180,48,0.0439,0.1418,7.6871,88.3402,0,0.1807,781.5688,102.957,5.7249,180,142.8252,89.9697,9.5021,5.2989,1.3787,319.9486,10.73,33.435,44.4444,2.4999,-5.3998
10.5,88,182,88,0.1645,0.2254,8.3947,90.6249,0.0473,0.1014,293.6219,0.8532,0,180,177.8802,50.0444,3.104,2.0733,86.8585,309.6651,11.83,34.045,25.9259,4.713,-1.0063
-5.9,90,184,36,0.052,0.11,10.0057,88.5699,0.0223,0.2379,1030.5066,98.9677,21.6042,180,158.6211,100,8.009,4.1578,1.6023,705.6707,10.635,34.24,92.5926,3.7734,-3.7741
45.6,93,187,48,0.0988,0.3573,8.6444,89.5246,0.056,0.3968,1327.1145,48.1003,2.4593,180,180,95.4021,6.015,5.5103,233.7365,498.6948,11.8,30.265,57.6923,3.3717,-4.9977
6,99,193,48,0.0516,0.1331,10.1121,87.3295,0,0.1547,591.1459,79.0516,9.6911,180,150.451,92.1275,5.3904,3.2132,7.279,392.394,11.36,32.49,57.6923,1.3704,-0.7975
25,103,197,56,0.093,0.1458,9.5958,89.5604,0.0237,0.1094,301.5712,0,0,180,166.8142,100,3.1028,2.7059,191.9042,481.3993,11.345,34.675,34.6154,3.274,-2.3112
5.5,104,198,36,0.1278,0.1582,9.9796,88.586,0.0365,0.1628,1885.5782,95.4489,20.0046,180,160.3198,95.2268,3.1794,4.6369,168.722,515.2088,10.89,34.17,61.5385,4.8445,-6.7597
42.8,108,202,72,0.1463,0.2036,9.4701,89.4425,0,0.1819,249.3178,0.5494,0,180,162.5669,92.5933,7.1764,2.6737,181.4345,473.992,11.985,33.805,61.5385,1.8338,-2.6844
20.7,109,203,56,0.0417,0.0814,8.3307,90.4671,0.0795,0.3484,1059.142,35.4787,3.8109,153.7654,171.8784,84.8116,4.4112,2.5447,102.0773,380.2596,11.095,34.28,60,2.661,-3.6692
25.6,110,204,40,0.1368,0.1635,8.1498,90.5452,0,0.0943,749.1562,36.4312,0,180,157.7297,100,8.8914,2.6811,2.6783,666.7957,10.95,33.74,57.6923,1.3421,-1.3051
23.2,113,207,48,0.2143,0.3647,13.0861,84.0624,0.8157,0.4027,542.3705,58.3619,29.1803,180,145.8689,100,4.3396,2.6062,2.7031,546.2651,11.755,34.12,76.9231,3.1033,-1.042
-11,117,211,36,0.1515,0.3455,12.0233,85.7872,0.0349,0.3046,987.9435,5.9051,3.221,153.2451,179.2737,79.8336,5.3456,4.8671,60.8099,472.7606,11.07,33.96,92.5926,1.2542,-0.3292
-1.4,119,213,48,0.0807,0.1563,8.7693,89.965,0.0258,0.4328,1293.2609,244.4954,4.1542,180,168.6602,100,5.3069,3.7722,233.668,343.1539,12.12,32.595,88.8889,4.955,0.0995
-29.1,120,214,40,0.051,0.1116,7.6989,91.0846,0.0032,0.0957,524.3583,32.363,0,180,154.1565,90.4169,6.1444,3.1723,1.3757,499.4221,10.475,35.34,76.9231,4.1074,-0.469
3.3,122,216,56,0.0706,0.2371,7.3199,91.7139,0.0941,0.2646,534.5118,4.1898,20.3329,150.1351,175.7505,100,5.8657,3.1352,126.9518,331.4748,11.63,32.92,36,4.89,-1.2869
43.8,124,218,48,0.0731,0.1877,9.9139,88.82,0,0.1612,651.7255,41.6923,29.1225,180,162.2755,82.651,8.0341,4.1234,239.1078,622.572,11.175,33.96,65.3846,0.5115,0.2048
-1.9,127,221,56,0.3458,0.3386,9.9136,88.5323,0.0072,0.1333,835.5618,150.0905,45.6028,180,170.0326,66.7917,3.9956,2.5637,109.5608,354.3946,11.415,35.59,53.8462,2.9355,-2.0316
19.3,135,229,48,0.0534,0.1033,12.3896,84.2952,0.0396,0.6231,783.5606,2.9829,0,180,180,93.8309,3.5669,7.2425,105.1516,445.7105,11.3,34.245,68,4.0017,-0.5294
23,137,231,56,0.0841,0.1736,10.8886,88.3238,0,0.1627,578.3345,94.3286,0,180,176.6133,100,6.9112,2.6422,105.2218,374.7014,12.095,28.79,62.069,3.0894,-1.0088
10.3,140,234,24,0.0301,0.1148,11.073,86.0619,0.0172,0.3187,1521.1437,188.8214,0.5475,180,142.5257,16.3357,8.5318,3.8017,207.1105,365.8037,11.33,32.07,96.2963,1.2456,-0.6672
61.6,141,235,48,0.0685,0.1387,9.3809,88.7302,0,0.1387,689.9735,110.7191,1.3509,180,155.6011,100,7.6472,3.2675,90.0351,427.0901,11.39,34,73.0769,4.2455,-3.2237
33.9,143,237,48,0.0874,0.2251,8.8954,89.9629,0.0065,0.353,668.4223,31.0231,4.399,180,161.285,100,8.2231,5.3134,9.9676,436.9806,11.395,33.59,69.2308,1.3701,-2.7881
57.6,145,239,56,0.1551,0.2309,12.1746,86.3462,0,0.2237,415.6018,1.6753,0.2724,180,176.5189,94.7903,5.5416,6.9585,74.2958,408.522,11.235,32.955,59.2593,2.242,-2.2601
31.5,149,243,48,0.0951,0.1578,9.2081,89.6655,0,0.0592,671.8142,64.6973,1.3651,180,163.2533,60.8505,10.6502,3.533,1.8871,265.8701,11.555,32.67,57.1429,1.628,-2.7348
30.7,151,245,56,0.0869,0.1267,9.8724,88.9038,0,0.1412,467.3661,15.3318,0,180,162.4701,100,6.1763,3.6921,179.8226,377.2754,11.05,31.605,81.4815,4.2452,-1.4697
17.3,156,250,48,0.2008,0.3171,11.0395,87.0772,0.0088,0.4387,976.9309,19.6136,8.4323,171.371,180,100,3.4694,4.43,174.3509,406.3676,11.445,32.56,84.6154,1.7251,-3.735
14.9,160,254,72,0.1472,0.5556,11.5061,87.1412,0.0648,0.2238,512.4478,57.8931,2.4896,174.2459,180,100,5.2606,5.3712,126.1988,313.6451,11.62,33.13,37.037,1.9386,-3.206
37.9,163,257,48,0.135,0.2614,10.2585,88.5591,0.0342,0.2665,1063.5494,32.2188,7.8475,180,158.7672,56.3792,6.2961,4.14,38.1212,324.3434,11.29,33.405,74.0741,1.8597,-4.2815
29.7,167,261,48,0.3019,0.4109,14.7865,83.7862,0.1124,0.2751,831.6169,20.124,4.8822,180,168.0804,94.9944,5.9691,5.6823,230.9314,476.2071,12.29,32.32,67.8571,2.4986,-2.3048
32.3,172,266,88,0.0782,0.1802,7.3362,91.7736,0,0.2301,257.7851,30.176,0,180,173.354,93.8253,6.4803,5.9441,62.867,161.1158,11.565,33.59,34.6154,1.5151,-0.8681
15,182,276,56,0.1107,0.3225,6.6914,91.4192,0.2653,0.5344,879.7209,72.5134,5.5054,171.6015,180,100,5.1691,4.1801,142.3176,443.5223,11.955,33.18,56,2.9357,-2.7183
41.7,190,284,72,0.1808,0.3259,8.3136,90.1166,0.004,0.3139,346.3044,52.4718,0,180,175.129,95.3051,5.1341,5.1989,111.4235,314.3563,11.74,34.5,34.6154,3.061,-0.6625
15.3,192,286,56,0.1248,0.1597,10.8817,87.8407,0.0936,0.4332,488.2658,13.9075,10.6319,180,180,72.9428,5.7518,3.3878,137.9599,362.8183,11.9,33.725,57.6923,2.6512,-0.9725
42.1,195,289,40,0.0829,0.1606,8.705,90.3278,0.0725,0.285,887.4851,18.4077,0,180,172.7637,100,7.2899,4.4695,167.8018,451.9961,11.48,34.855,73.0769,1.5575,-2.2273
23.7,197,291,40,0.0358,0.1237,9.8506,87.9056,0.0146,0.2522,1025.3807,35.1383,4.8543,180,174.5371,94.8818,6.0842,3.6698,249.4483,445.5794,11.025,32.065,67.8571,1.2034,-0.1984
21.8,201,295,56,0.1785,0.2563,12.2349,86.624,0.0247,0.1576,851.009,76.4288,4.1101,180,145.7813,100,6.469,3.2779,132.8201,413.5638,11.735,34.19,48.1481,3.4352,-2.2618
37,205,299,40,0.1095,0.1377,8.785,90.1762,0.0033,0.0979,1131.8115,90.2245,3.8631,180,159.4115,93.9274,7.9378,3.6819,32.8486,278.1471,11.43,35.265,34.6154,3.2095,-2.5763
11.1,206,300,48,0.0317,0.1358,6.7352,90.0585,0,0.2963,707.1041,139.1638,0,180,148.2273,92.7688,5.6241,4.0279,164.8797,446.1684,11.33,32.27,53.8462,4.1274,-2.857
51.7,208,302,40,0.1751,0.3662,10.8686,87.6907,0.0482,0.3003,939.1342,28.121,17.5555,180,174.8728,100,6.484,3.9748,269.3438,456.8279,11.355,33.565,57.6923,1.263,-0.6041
25,209,303,72,0.1031,0.2003,12.7878,86.6727,0.0337,0.0813,392.8991,12.445,0,180,170.0753,100,7.4013,2.7454,232.3105,509.5467,12.815,29.505,44.4444,2.4589,-3.3312
27,210,304,48,0.1206,0.4608,10.2193,88.5603,0.1134,0.1908,445.9356,20.0936,0.2712,180,180,81.4978,7.5501,3.5471,138.1773,358.653,11.11,34.165,84.6154,2.5918,-3.579
31.6,211,305,56,0.0321,0.0981,7.4321,91.8292,0.0571,0.3801,733.5948,87.2969,5.9975,180,160.7148,65.4935,5.4996,2.807,162.1269,306.5114,11.54,31.16,80.7692,3.9068,-2.5445
19.7,212,306,72,0.105,0.1902,7.5329,91.6508,0,0.1209,344.9068,1.6382,12.2862,180,160.5943,95.246,8.8583,3.8575,83.5075,363.7776,11.115,35.29,37.037,4.2645,-1.8258
36.4,213,307,40,0.0935,0.1499,8.2451,90.7365,0,0.0435,1439.6229,237.3827,9.415,180,135.9678,89.7981,8.4136,3.9244,2.3846,172.1645,11.71,33.21,70.3704,6.0186,-1.0378
17.2,214,308,48,0.066,0.1658,9.0961,90.3542,0.0051,0.1624,1026.4686,24.9164,64.6432,147.8094,168.487,95.3091,4.4791,4.3373,129.8825,307.0672,10.905,34.06,44.4444,4.9894,-2.275
30.3,215,309,56,0.2571,0.3524,8.1008,90.425,0.2283,0.1726,631.7139,13.4202,11.9409,180,180,70.7212,4.0884,3.9124,133.2833,416.8671,11.29,33.82,46.1538,3.7612,-1.9661
4.6,218,312,56,0.0909,0.237,8.7855,89.9866,0.0428,0.2032,683.9301,124.1871,9.9503,180,176.9939,100,4.1068,6.4989,193.3924,435.1986,11.38,33.99,69.2308,4.0952,-3.1884
34.5,219,313,56,0.0511,0.1709,6.0453,92.3659,0,0.1984,330.4318,9.3042,0,180,171.877,100,6.1619,4.258,95.9436,310.3706,10.99,33.12,55.5556,3.4919,-3.4555
1.6,221,315,48,0.149,0.1541,12.9986,86.3034,0,0.1022,1163.3053,30.8745,0.2784,180,146.4518,93.6112,9.5612,4.0761,5.1359,253.5861,11.505,32.735,73.0769,0.9317,-2.9542
43.4,224,318,56,0.0911,0.1899,10.4167,88.2117,0,0.3681,701.3695,38.6765,2.7958,180,168.8206,95.4823,4.9353,3.5792,2.7942,401.5901,11.635,34.23,21.4286,2.3915,-1.9908
19.2,227,321,72,0.2196,0.552,10.257,88.6857,0.0272,0.1186,477.3914,7.129,15.3587,169.5436,180,100,4.9253,2.5613,46.4125,270.3368,11.765,31.23,0,2.9747,-1.9767
-16.1,228,322,56,0.109,0.1781,10.3393,88.685,0,0.0527,328.2567,0,0,180,147.731,100,13.0014,5.4592,127.0286,545.3611,11.975,32.28,69.2308,2.0327,-2.6682
11,230,324,72,0.1583,0.2118,8.7103,89.4637,0.0185,0.218,325.5238,13.234,0,180,165.1723,100,5.2338,2.1624,84.3739,392.4078,11.31,32.625,60.7143,4.0575,-2.0492
23.6,238,332,56,0.073,0.1888,10.033,89.1565,0.0071,0.2957,1126.0793,98.7629,3.9065,180,164.2881,95.3465,4.2899,4.0252,180.6711,290.0417,11.945,31.275,65.3846,2.4124,-3.5283
51.9,240,0,56,0.1308,0.1403,8.3153,91.0532,0,0.0436,570.0367,0,0.8209,180,160.4891,100,5.3624,4.2376,137.8135,236.515,11.11,35.175,59.2593,2.8652,-3.5127
24.2,244,4,48,0.0605,0.1689,9.0238,89.6675,0.0551,0.1583,606.9813,56.5953,8.6426,180,157.2892,92.1338,5.7345,6.2158,165.4535,447.2408,11.99,30.36,59.2593,2.868,-2.7895
17.2,251,11,48,0.1342,0.1731,9.4857,88.893,0.0053,0.196,1100.123,46.8726,4.3328,180,172.5372,100,6.8972,4.0828,197.9238,570.3773,11.43,34.15,60.7143,2.6652,-1.4621
10.1,253,13,48,0.1006,0.2593,11.9924,86.7506,0.1313,0.4076,649.4581,45.7529,15.232,180,180,100,4.6075,6.8644,231.1401,518.7324,11.56,33.99,44.4444,2.7653,-0.2801
29.8,254,14,72,0.042,0.1346,4.2912,94.7291,0,0.1829,249.091,2.5306,0,180,174.4909,92.8363,9.1644,3.1152,28.2404,310.8507,11.28,32.55,17.8571,2.124,-3.0695
40.4,255,15,40,0.1283,0.1486,8.6343,90.1684,0,0.1233,900.1354,33.5378,8.936,180,152.4553,100,10.3948,4.4158,100.9234,546.5121,11.04,34.165,80.7692,1.1372,-2.0096
45.8,1,17,48,0.2628,0.2696,11.023,87.699,0.0222,0.2338,873.6351,45.1422,7.5821,180,169.3146,100,5.0841,2.1837,102.8237,404.4241,11.355,32.1,73.0769,2.7185,-2.4178
22.5,3,19,72,0.0608,0.2817,5.656,93.0734,0.0648,0.3972,320.0541,12.9612,7.1587,165.6794,180,100,5.0754,4.4165,159.5613,218.7637,12.05,31.535,26.9231,1.1852,-4.9745
11.3,5,21,48,0.0458,0.1239,8.6627,90.0015,0,0.2172,795.1843,11.0698,0.2767,180,146.6836,100,7.5737,5.4047,21.1948,584.1436,10.75,33.8,92.5926,3.5188,-0.0199
13.8,6,22,56,0.1095,0.301,4.0739,93.5417,0.0109,0.2244,1095.5948,24.1634,17.7725,180,180,85.6155,4.0904,5.2591,132.6621,239.7606,10.8,33.525,57.6923,2.4589,-4.382
18.4,13,29,48,0.162,0.2244,10.0636,89.2243,0.0135,0.1232,1720.2751,20.1021,9.3874,180,171.865,92.8531,5.7822,3.0372,210.8716,353.1075,11.45,33.585,69.2308,1.5278,-4.0084
37.5,14,30,56,0.1103,0.1514,8.5775,90.1699,0,0.1608,740.1111,26.0879,3.0364,180,175.477,100,6.0705,7.8993,7.0385,242.2338,11.47,33.205,96,1.8408,-4.9167
23,16,32,56,0.1139,0.1641,10.2885,89.0067,0,0.0657,550.7313,1.107,12.6151,180,165.1305,100,3.8693,2.9749,263.9239,314.1472,11.495,34.315,44.4444,1.7175,-3.2069
22.5,17,33,48,0.0786,0.2183,8.3233,90.4001,0.0611,0.3004,1373.7587,81.9068,26.0425,180,161.5222,100,6.5777,4.7276,46.2799,279.597,10.925,34.33,73.0769,1.459,-1.6085
15.8,18,34,56,0.0641,0.1302,5.4002,93.7076,0,0.1497,445.311,15.3128,1.3682,180,165.7689,92.5486,7.5236,1.9515,57.6957,273.9475,11.185,32.9,29.6296,2.8842,-2.1469
54.9,20,36,48,0.0764,0.1885,11.1822,87.1522,0.1358,0.2632,282.3938,0.2749,0,180,163.8007,66.6634,11.2574,6.9153,223.2811,638.3274,11.915,30.655,81.4815,-1.5419,-1.9566
33.4,22,38,56,0.0618,0.1163,7.6467,91.5557,0.0018,0.1835,373.765,7.828,0,180,172.5075,85.1023,5.8934,3.5754,110.9762,363.2378,11.29,33.21,35.7143,2.3963,-1.3442
24.8,23,39,40,0.1575,0.4226,15.2729,83.2894,0.2791,0.2152,1889.0348,133.728,7.4612,180,176.4798,2.4176,4.4479,7.2565,2.4278,762.6373,11.28,33.64,70.3704,2.3529,-1.4678
35.1,26,42,40,0.0718,0.1664,12.8982,85.2415,0.0033,0.204,712.8293,14.8536,13.4698,180,162.8115,94.8012,3.8646,1.792,268.5359,526.9348,11.34,32.235,53.8462,3.0664,-0.3698
28.2,27,43,56,0.0644,0.1894,11.7976,87.375,0.0644,0.3586,941.0894,5.3092,17.5069,169.9605,180,89.4056,4.0879,2.1353,208.4239,309.4855,11.655,33.9,76.9231,3.1147,-2.6201
31.9,30,46,48,0.1085,0.1946,8.2701,90.6899,0.0189,0.1791,870.4502,7.8179,1.9545,180,171.7151,83.1794,4.3899,7.2496,176.0449,303.7795,11.02,34.525,30.7692,3.5465,-4.2392
35.2,32,48,48,0.1079,0.1928,13.6778,84.7305,0,0.165,730.6514,23.3557,4.0597,180,136.9781,100,4.8449,3.57,2.7574,760.0006,11.07,32.005,74.0741,2.2365,-4.145
10.4,38,54,56,0.0759,0.1935,7.1293,92.0553,0,0.0741,668.2843,94.5912,16.8894,180,156.4444,89.6798,4.8746,2.1562,115.0562,378.598,11.755,34.73,59.2593,3.0361,-2.37
31.9,39,55,56,0.1504,0.1578,10.7784,88.1336,0.0055,0.0679,811.5936,24.5453,0,180,175.2466,49.6153,10.2189,4.4988,1.6666,396.952,12.09,32.47,77.7778,1.6331,-4.7686
44.8,41,57,48,0.0503,0.1383,9.7132,88.9112,0,0.1544,278.0812,10.0326,0.2712,180,141.3661,100,7.2037,3.2244,216.4147,492.3867,11.025,32.76,73.0769,2.5328,-1.1927
31.6,42,58,48,0.1187,0.1805,12.9759,86.5545,0.0067,0.0702,1304.126,37.162,5.9599,180,171.0184,100,3.0234,5.2829,213.3359,479.8998,11.43,34.42,100,3.3387,-1.249
39.9,43,59,56,0.1301,0.3197,11.5983,87.0225,0.0223,0.119,959.9581,15.6262,13.1151,180,165.9024,100,5.8722,4.4437,99.6226,377.5587,11.09,34.05,25,1.9209,-2.8776
41.4,48,64,48,0.0564,0.2205,9.6638,88.5583,0,0.2716,1094.0175,81.9712,0,180,139.6659,100,7.0451,3.5915,3.6163,508.4341,12.305,28.435,96.1538,2.9523,-2.7823
35.9,49,65,56,0.0616,0.1213,7.6631,90.7372,0.0038,0.7777,1128.7386,31.0187,10.6789,180,173.563,100,5.6707,3.6513,156.5921,291.2051,11.445,32.775,51.8519,5.7007,-1.7988
26.5,50,66,56,0.0571,0.1492,6.9241,91.3577,0,0.1326,859.767,36.9392,3.2798,180,148.5393,94.6798,5.8359,4.2359,147.0343,295.9105,11.265,32.49,33.3333,2.4065,-4.3778
41.4,51,67,56,0.1011,0.1637,9.8385,89.3266,0.0791,0.171,1048.9399,20.8546,38.8158,180,180,92.9736,4.394,6.4003,154.4932,358.5877,11.515,32.93,70.3704,1.8859,-1.0646
35.1,58,74,40,0.0372,0.1019,6.1282,93.1409,0.0437,0.2442,769.6724,17.0694,11.1093,180,168.1766,94.8346,3.1801,10.1176,198.3638,267.0119,11.31,35.135,11.5385,3.2905,-3.3984
18.9,59,75,48,0.0686,0.1756,7.9875,89.2876,0,0.3613,609.9392,26.0801,0,180,171.3047,100,4.2459,8.1603,200.917,522.2341,10.98,33.53,76.9231,3.3164,-8.5537
-4,63,79,48,0.1482,0.1782,8.9164,89.7057,0,0.0988,896.2169,178.7257,7.8762,180,169.37,93.4102,10.1653,3.6225,3.2519,540.1301,11.43,34.655,71.4286,1.8118,-2.2372
39.7,68,84,48,0.0817,0.1839,11.8506,84.7133,0,0.1549,812.8417,28.3052,0.2757,180,135.3238,92.7296,7.3231,4.6593,12.6839,550.3795,10.76,33.23,68,4.1275,-1.5066
31.8,69,85,48,0.109,0.3498,12.0447,86.5736,0.0721,0.3164,1016.7106,65.6386,2.4347,151.6273,180,100,4.7074,5.2392,61.9499,310.746,11.27,34.28,15.3846,3.2634,1.6558
25.7,74,90,48,0.1527,0.1671,12.9033,86.6638,0.0269,0.0539,1486.4897,22.9117,24.5351,180,173.4985,100,6.4433,5.229,179.6667,279.0726,11.475,34.21,92.5926,3.3292,-2.4144
39.6,75,91,40,0.1673,0.1607,11.2778,87.5925,0,0.0364,156.5164,3.4945,0,180,158.3628,100,7.6224,4.3945,248.0686,613.0679,10.75,34.87,73.0769,1.9418,-2.2463
21.7,80,96,40,0.1672,0.31,11.5924,87.0833,0.1801,0.3067,913.9585,36.7889,15.6594,161.8465,170.7542,93.8313,6.0312,3.6424,151.6805,555.4624,11.56,33.36,59.2593,2.5125,0.5818
12.5,82,98,72,0.1213,0.2364,9.1107,89.5963,0,0.1048,252.2003,2.2294,3.3373,180,167.6938,100,7.6106,3.2267,157.829,203.4315,11.965,31.765,52,0.6745,-2.8848
20.3,85,101,48,0.1463,0.4558,8.8926,88.3406,0.0908,0.2422,479.6754,7.6468,0,159.1652,180,92.2367,2.5848,5.9715,169.5716,395.7067,11.135,32.33,66.6667,2.4685,-1.7987
10.1,89,105,56,0.1,0.2056,8.8297,89.2621,0,0.1908,435.739,2.2203,4.0892,172.8584,177.5805,100,5.5426,3.2,252.5231,384.5074,11.335,34.375,59.2593,3.6734,-0.9853
44.4,91,107,56,0.0797,0.2057,12.0139,86.5478,0.0204,0.1742,794.1635,37.8224,2.4587,180,169.7787,100,4.5575,2.9402,201.5901,463.2473,11.72,31.995,88.4615,1.9241,-3.4757
20.8,94,110,56,0.0736,0.1042,9.2982,90.093,0.1203,0.1437,1804.0944,204.8206,5.4727,160.1842,180,100,6.3616,3.3928,160.8382,426.0672,11.745,32.09,80.7692,3.2234,0.0456
37,95,111,48,0.0285,0.1073,6.0808,89.1327,0.0168,0.3806,719.441,78.2434,1.3529,180,175.0843,94.5192,2.8091,6.7099,195.5457,513.7948,10.76,34.305,72,2.8369,-1.2295
38.2,98,114,40,0.0636,0.1524,10.1434,88.5368,0.0067,0.1491,671.3525,43.1563,0,180,141.0599,100,8.4607,3.2902,3.3014,605.4755,10.895,31.315,76.9231,4.1452,-2.7779
25.2,99,115,32,0.1182,0.1795,12.7652,85.2913,0,0.1212,1043.736,108.6708,17.3087,150.0657,143.6827,89.6753,4.9139,3.6132,1.874,640.6711,11.28,33.25,76.9231,4.2247,-3.7075
28,101,117,56,0.2169,0.2864,15.4104,83.2428,0.2031,0.2655,577.6017,0,0.2739,180,180,77.2241,5.1807,9.371,100.3689,444.2442,11.755,33.995,29.6296,3.8244,-3.009
44.9,105,121,56,0.0359,0.1399,7.1786,89.0884,0,0.7579,777.4816,182.6205,0.5456,180,173.8332,100,6.6962,2.3473,56.2476,88.8134,11.885,30.105,44.4444,3.7426,-4.1361
9.5,107,123,56,0.1884,0.1884,8.6463,90.7326,0,0.0466,311.3723,3.0736,0,180,168.5669,100,6.3593,4.2005,5.3169,308.8716,11.325,34.38,73.0769,3.1105,-2.8815
5,109,125,48,0.194,0.2407,10.7449,88.3463,0.0269,0.1904,738.1577,0,0,174.2044,180,100,7.2957,3.2353,118.7227,321.564,11.57,33.95,59.2593,2.1956,-3.4514
-2.2,112,128,56,0.057,0.1331,5.3923,93.1931,0,0.1635,364.49,5.487,0.2716,180,176.4526,85.9357,8.1565,4.6434,68.4118,326.6413,11.4,34.925,65.3846,4.1794,-1.8549
14.6,113,129,48,0.0751,0.1415,8.4136,90.7671,0,0.1712,739.5624,31.5012,0,180,151.2056,94.6331,2.9542,3.0939,36.2164,457.5669,11.57,33.085,46.1538,4.6724,-1.8044
21.3,114,130,56,0.1112,0.1483,6.4406,92.4174,0.1288,0.3618,1750.0983,69.9804,3.5549,180,176.6582,100,5.2661,6.487,4.6214,573.0799,11.765,33.215,70.3704,3.5271,-4.1519
35.5,115,131,88,0.0255,0.0828,6.5928,92.8491,0.053,0.2101,304.4396,11.9021,8.3723,180,180,100,2.7628,6.658,66.299,216.2236,11.38,34.215,37.037,3.133,-4.0671
-9.7,118,134,88,0.1325,0.2562,7.24,91.7418,0.0265,0.2761,121.5909,3.0788,0.2768,180,176.6134,93.9018,2.8877,4.5271,163.9652,253.5746,11.37,34.375,44.4444,2.781,-1.0705
32.6,119,135,40,0.0281,0.1205,5.872,92.606,0.0132,0.3203,894.0347,94.3679,0,180,169.8744,100,5.4394,8.0157,207.0591,279.724,10.55,34.9,100,4.6468,-3.911
20.5,120,136,48,0.0995,0.3995,6.2894,92.0456,0.0549,0.168,940.3762,19.792,5.2193,180,179.6428,100,5.5948,3.9942,1.3549,610.9761,10.355,34.04,40.7407,4.6837,-5.9885
16,123,139,40,0.057,0.1225,11.209,87.0915,0,0.1275,684.033,66.8551,0,180,162.6191,94.4247,8.5643,3.2484,1.933,616.8281,10.29,35.705,80.7692,1.6923,-2.0802
15.7,124,140,56,0.1059,0.2515,11.0523,88.1761,0.0113,0.2232,766.5845,16.6988,1.9573,180,180,83.6821,6.0366,5.6349,96.0491,243.5419,11.5,32.66,70.3704,2.1512,-4.4139
22.7,128,144,56,0.0713,0.1558,9.2019,89.9026,0,0.1408,617.7838,27.9479,4.6322,180,156.3887,100,4.6581,2.164,249.3363,351.1186,11.775,31.175,61.5385,3.1711,-3.2027
9,129,145,48,0.0295,0.1196,5.6821,92.5591,0.0052,0.3327,482.8307,16.7764,0,180,168.6513,94.3269,7.2348,3.5959,124.5621,389.377,10.815,33.885,85.1852,5.062,-2.7924
30.2,131,147,56,0.0845,0.1691,7.038,91.6684,0.0018,0.1084,518.5108,28.6913,0,180,136.5859,87.1986,8.1189,4.2375,182.3811,503.4167,11.15,34.48,62.963,1.8606,-3.9123
30.9,133,149,56,0.1162,0.1578,7.8532,91.429,0.0538,0.1907,720.3382,13.3907,14.4704,180,170.3928,90.61,6.8745,8.5628,168.4718,236.2084,11.015,34.25,46.1538,1.7084,-1.8926
12.7,134,150,56,0.1585,0.2416,7.3282,90.1089,0,0.3076,731.6306,37.7194,0,180,154.7438,94.9507,4.8503,4.1687,157.1932,288.2625,11.48,32.72,40.7407,4.0343,-4.6417
33.5,139,155,56,0.1105,0.2246,8.9856,90.092,0.0184,0.2412,801.3766,20.7532,23.954,165.5688,177.693,94.1412,3.165,2.6232,127.9117,238.8868,12.505,31.215,76.9231,1.7608,-2.1807
-2.3,140,156,56,0.2095,0.1941,12.1464,86.6067,0,0.1134,718.369,13.2778,0,180,172.8645,100,5.6229,5.0209,241.1216,475.3144,11.095,34.89,66.6667,2.6305,-4.6582
27.7,142,158,72,0.0768,0.1412,8.4555,90.5584,0,0.1951,538.4184,12.3084,0,180,169.3603,89.2371,7.0819,2.8935,129.7894,240.6408,11.735,30.23,50,3.9387,-1.5343
-2.3,146,162,72,0.0311,0.0993,4.3432,94.189,0.035,0.1596,471.7338,8.8868,0,180,174.4172,94.357,4.709,3.0422,1.3714,257.8896,10.705,33.89,29.6296,4.7515,-1.3529
14.3,147,163,56,0.0847,0.2073,11.0863,88.07,0.0054,0.1352,496.4015,38.2901,0,180,167.3515,100,7.7033,3.6429,264.0644,364.4006,11.58,29.99,59.2593,4.1697,-0.5128
30.9,149,165,56,0.1928,0.2498,9.0011,90.1082,0.0147,0.1047,785.7466,15.0135,5.2098,180,180,71.5559,5.1765,3.5416,142.6798,323.4297,11.195,33.415,57.6923,3.6973,-2.1572
14.1,151,167,72,0.0568,0.1647,6.7549,92.1141,0.0118,0.2568,679.2816,73.4054,3.6393,180,165.5433,100,6.2944,3.328,190.201,331.3332,11.54,31.935,85.1852,5.3745,-1.3888
22.9,152,168,36,0.0831,0.1499,6.1949,92.6632,0.0049,0.2085,1018.1548,82.2194,3.0465,180,157.8392,100,4.5112,12.1744,138.561,338.1941,10.59,34.265,92.3077,4.3551,-5.8705
7.8,156,172,56,0.127,0.2896,10.566,88.5074,0.0803,0.1027,890.1144,58.2315,10.5183,180,173.8999,74.1859,6.4077,4.4754,190.9893,394.326,11.39,33.51,66.6667,4.0798,-0.7131
0,162,178,40,0.1796,0.4411,14.0557,84.2649,0.0803,0.23,953.7609,15.3846,6.4655,145.6673,180,100,3.1596,5.7398,170.0425,341.5938,11.52,33.51,67.8571,5.5227,-0.1461
-3.6,168,184,56,0.0623,0.1211,9.9555,89.1846,0.0659,0.1798,1431.6132,202.9601,4.7537,180,153.8212,100,7.5202,3.6672,125.5425,411.973,11.865,31.605,81.4815,3.1348,-1.5991
-1.1,169,185,40,0.056,0.1279,7.5804,91.601,0.072,0.2734,1299.1936,101.7625,1.3421,148.3631,180,95.3344,5.3297,4.919,138.794,415.367,11.195,34.93,62.963,3.4146,-4.4673
42.7,171,187,36,0.1528,0.1831,15.3036,83.0807,0.0242,0.115,1315.7385,187.2799,48.3473,157.0189,144.2977,100,3.4755,2.2588,1.8667,376.9688,11.4,34.93,96.1538,4.3713,0.5209
45.9,173,189,40,0.0949,0.1489,8.6353,90.1,0,0.1751,688.9145,21.2963,5.9051,180,150.5977,100,8.0046,2.6361,96.3153,700.7187,11.465,32.335,96.2963,1.3809,-1.6924
43.2,174,190,40,0.1679,0.1633,11.6255,87.6097,0.1069,0.1206,1096.8073,7.5497,1.344,180,180,93.5144,4.4952,6.7504,209.6558,604.8326,12.33,32.66,81.4815,3.3043,-4.3246
16.7,178,194,36,0.0783,0.1551,11.8233,87.1482,0,0.0708,1233.4194,119.8606,0,159.4389,134.3603,100,4.7508,2.5166,16.3835,603.7142,11.44,33.36,92.5926,3.3605,0.0552
26.2,179,195,48,0.1482,0.257,11.5496,87.3649,0.2454,0.2718,873.491,14.1692,5.497,180,180,81.5545,5.2313,7.5622,171.8238,533.7432,11.84,32.99,85.7143,2.3763,-0.1887
20,182,198,48,0.2157,0.3676,10.656,87.7285,0.0639,0.2779,983.125,14.6056,16.5756,170.1096,154.8572,31.2177,5.1076,2.6396,123.5019,421.7,11.39,33.48,46.1538,3.6865,-1.2602
16.9,184,200,88,0.0725,0.2083,5.263,94.0395,0,0.111,231.992,3.6913,0,180,163.3507,93.0667,5.0872,3.2075,41.1362,128.8303,11.505,32.935,3.5714,3.6331,-2.5409
3.3,185,201,56,0.0348,0.1462,5.6266,91.2502,0,0.2455,724.7783,19.3732,1.3566,180,166.3863,91.1563,4.1047,4.3862,128.592,219.4329,10.58,32.355,77.7778,2.9744,-3.0842
25.5,187,203,56,0.0408,0.0893,5.3395,93.8544,0.1049,0.2875,505.8572,5.2231,0,146.626,180,100,7.0202,2.9532,68.1448,380.7173,11.46,33.665,23.0769,2.2701,-4.8507
23,188,204,48,0.1095,0.1483,12.3128,86.8607,0,0.1413,443.3977,43.4172,0,180,147.9563,100,4.9214,2.6576,2.2054,500.8576,11.085,34.195,84,1.7664,-1.0424
24.8,189,205,48,0.047,0.1735,7.0247,91.675,0.0892,0.2967,917.0397,16.7908,23.151,180,180,88.4548,6.1961,8.8093,57.7339,464.6006,10.355,35,44.4444,3.6764,-4.2929
37.7,192,208,48,0.0979,0.3293,7.8104,90.6714,0.0253,0.1165,344.7704,58.0197,1.6271,180,148.4211,100,6.3628,3.3707,1.8951,521.748,11.14,35.4,62.963,4.3248,-1.2195
-0.7,197,213,48,0.1706,0.2593,9.4568,89.003,0,0.4246,1244.424,66.2717,0,180,180,100,4.427,5.8863,83.1567,329.0198,11.395,32.165,85.1852,1.4348,-3.7821
36.6,199,215,56,0.0751,0.165,9.1109,89.7069,0.1081,0.5022,599.1227,25.9255,0,180,180,71.0839,4.434,8.6316,3.2692,415.0399,11.325,34.115,15.3846,4.5646,-2.4336
4.6,200,216,56,0.0881,0.1706,12.7555,86.1198,0.0092,0.1449,447.8685,11.516,0,180,143.6246,86.382,11.074,6.0333,182.1045,453.8332,12.14,31.945,69.2308,4.2534,-2.6447
31.7,201,217,88,0.08,0.1897,4.5114,94.0351,0.0594,0.5965,73.0784,4.1659,0,178.8931,180,100,6.1649,4.9722,58.2429,235.5234,11.16,33.945,14.8148,4.7091,-4.2408
19.2,204,220,48,0.0753,0.1301,8.3044,89.878,0.0582,0.2875,702.9122,14.9504,0,180,172.5048,100,2.8527,4.8112,79.5982,481.3123,11.075,33.425,57.6923,2.4088,-3.65
17.9,206,222,56,0.0429,0.1082,7.1311,91.9663,0.0093,0.3319,679.9965,20.8477,0.2796,180,180,100,5.0275,3.9243,87.9765,349.5166,11.015,33.915,76.9231,2.6571,-3.0929
23.2,208,224,48,0.0305,0.1,6.4792,92.5839,0.083,0.427,903.1862,3.52,0.8094,180,180,100,7.4488,5.0397,145.3557,328.8327,11.095,32.805,69.2308,4.0235,-2.6364
35.7,210,226,48,0.2011,0.2011,10.4766,88.8426,0,0.0741,679.7848,8.0369,17.382,180,142.8307,100,5.2419,1.97,155.0414,264.0935,11.35,32.545,44.4444,2.4831,-4.1535
24,213,229,56,0.1016,0.2468,7.8488,90.6214,0.2559,0.2595,1127.8219,62.5413,53.1726,180,174.3081,100,5.766,3.7223,160.5858,363.9367,11.61,33.2,76.9231,3.8894,-4.6846
45.6,219,235,72,0.1506,0.3434,7.013,90.9405,0.0723,0.2691,174.2565,13.5009,0,180,180,90.7433,4.1165,6.7974,104.2519,290.407,11.48,33.77,42.3077,3.4437,-2.8367
45.6,223,239,56,0.0535,0.2252,6.4303,92.0267,0.0037,0.4171,619.0975,5.8524,6.3953,160.5468,180,100,5.1994,3.7343,180.3101,325.4865,11.38,32.295,53.8462,2.2596,-3.6127
16.3,225,241,72,0.1279,0.3991,8.2218,90.1361,0.0745,0.2845,681.6074,28.6326,18.1686,155.7894,180,100,4.4646,7.8826,45.3935,468.9601,11.27,33.75,75,3.9379,-1.1364
27.7,229,245,72,0.2596,0.611,9.6153,87.9975,0.2577,0.2869,574.4933,25.1342,0,180,169.6847,93.6107,5.4914,2.8228,73.013,569.1437,11.55,33.9,50,4.0585,-1.7782
39.4,237,253,72,0.0406,0.1276,7.9305,91.1104,0.1373,0.3442,465.8002,13.4705,4.3985,159.1841,170.6603,80.4428,4.515,5.1585,110.3204,414.8306,12.14,32.7,57.6923,2.5165,-3.461
15,240,256,48,0.0892,0.2111,15.9946,83.3225,0.0103,0.1115,864.3959,80.5272,0,180,172.8912,100,9.2122,4.4573,2.214,474.2922,12.095,31.595,80.7692,1.4111,-2.4796
13,252,268,56,0.096,0.1785,10.0865,88.6469,0.0652,0.4644,590.4083,5.751,0,178.2347,180,100,4.3572,2.6668,128.8612,403.3407,11.925,33.04,37.037,2.9908,-2.1648
22.5,0,272,88,0.1046,0.282,4.9842,93.813,0.1819,0.2297,862.3477,48.7538,0,158.5949,180,94.4253,3.7192,7.1105,51.0951,214.8938,10.97,33.845,29.6296,2.6876,-0.9296
64.3,2,274,48,0.4297,0.4179,14.742,83.0029,0.0169,0.3164,905.5078,22.6829,10.0166,180,161.4581,85.0801,7.7367,8.2238,113.779,329.9152,11.935,33.19,62.963,2.2213,-2.2633
20,10,282,56,0.1535,0.1941,12.5721,85.7288,0,0.0869,645.27,18.6149,0.8142,180,176.1461,100,5.0208,3.7006,124.3425,492.7684,11.705,33.105,67.8571,3.2843,-1.9314
43.4,12,284,56,0.0352,0.2875,6.7531,91.9338,0.1521,0.3227,927.2786,10.3201,1.3641,163.2745,180,100,4.8759,4.1596,111.5665,443.5979,11.66,32.055,74.0741,1.8238,-3.5419
13.9,16,288,72,0.1371,0.3923,8.095,89.8718,0.1097,1.1326,672.6008,33.991,1.1059,174.586,180,87.6982,4.9085,4.154,102.1693,293.6468,12.48,30.985,59.2593,2.254,-2.5251
36.2,19,291,48,0.1746,0.1781,11.6643,87.1187,0.0017,0.0908,661.8877,28.1691,1.9155,180,167.6927,100,12.7731,2.0414,223.1293,433.0758,11.68,33.56,50,1.8657,-1.7118
36.6,23,295,48,0.1551,0.1901,12.3326,86.3031,0,0.1985,1246.3068,62.6771,0.8118,180,156.3488,100,4.9913,3.6073,3.3258,571.6334,11.105,33.505,62.963,4.7075,-0.7409
21,33,305,48,0.1439,0.1755,10.9506,87.026,0,0.186,972.7134,91.8477,0,180,167.1497,100,4.8135,3.792,3.0577,618.6917,12.155,32.78,100,5.5674,-0.6707
44.7,36,308,56,0.2277,0.3378,9.7456,88.7726,0.0747,0.4442,249.512,2.7476,0,180,145.5578,100,7.5267,2.666,192.993,504.2543,11.66,34.85,73.0769,2.188,-0.8391
12.7,38,310,72,0.0973,0.1771,8.8922,90.2941,0,0.0993,318.8538,4.4897,0.2811,180,165.0746,87.4425,5.4007,2.5106,71.0916,382.2854,11.785,32.445,7.6923,2.666,-3.6032
31.5,39,311,72,0.06,0.2079,6.6002,92.0526,0.014,0.2878,822.0801,12.1055,2.7261,180,170.6581,100,10.3363,4.8543,252.7689,295.9055,11.32,30.49,57.6923,2.1986,-3.8786
21.8,40,312,72,0.1519,0.2566,7.3533,91.6244,0.1211,0.2792,754.8831,40.9738,3.5681,167.286,180,85.7679,3.8952,4.0058,135.4877,497.427,11.39,32.095,76.9231,4.0369,-1.9152
24.4,43,315,72,0.0959,0.1878,7.4979,91.3631,0,0.1099,503.692,22.5251,0,180,175.3486,91.8335,5.6164,3.1917,165.7588,260.0122,11.735,33.285,33.3333,1.7633,-2.9227
23.2,44,316,48,0.1399,0.3749,12.0827,86.204,0.0789,0.4072,1211.5807,10.809,9.1309,180,164.5091,100,3.2519,2.6853,222.2681,428.7516,11.065,34.525,61.5385,2.0676,-3.204
42.4,46,318,72,0.042,0.1299,6.2381,93.0572,0.0019,0.3686,461.5284,8.7243,8.0818,180,180,100,5.0529,5.8511,67.8317,237.9055,11.88,33.16,25,3.0035,-2.9653
-20.1,47,319,48,0.1441,0.1527,10.5715,88.9373,0,0.033,674.0684,27.2149,0,180,173.5358,100,5.3383,2.8241,169.8662,511.4663,11.38,34.705,65.3846,2.6072,-5.019
23.5,48,320,48,0.1013,0.1958,7.0293,91.6388,0.0051,0.1435,1253.9132,75.4745,8.0151,180,173.856,95.4579,8.7447,7.2149,240.2818,416.3387,10.465,34.765,92.3077,2.2939,-4.2092
3.3,50,322,72,0.1757,0.2016,6.5275,92.4605,0,0.0599,204.4374,1.6879,2.478,180,168.7128,75.9357,6.7143,3.2302,98.9667,315.3644,10.795,35.655,53.5714,2.1661,-5.2807
22.7,52,324,56,0.0758,0.2035,8.7897,89.2089,0.0425,0.3644,402.2359,155.779,4.3423,180,159.3456,90.9377,14.1323,2.4854,19.5402,591.1628,11.195,33.165,55.5556,3.0956,-1.9786
13.5,56,328,40,0.1069,0.4955,11.1152,87.2689,0.0761,0.2396,635.6013,1.6199,1.08,180,180,93.2845,6.6562,3.3326,131.9112,346.9475,10.705,34.855,3.8462,2.5175,-2.363
36.2,58,330,72,0.0568,0.1577,5.3293,93.9033,0,0.124,491.9659,8.0319,0.2826,180,164.2351,89.6303,4.7327,1.8794,126.4758,135.9097,11.32,32.985,57.6923,2.9422,-2.7457
26.2,59,331,56,0.0336,0.1875,6.7115,91.6575,0.5378,0.3096,1311.1477,20.3217,0.5448,175.5658,180,95.2793,4.0776,4.4631,255.4333,440.3057,11.37,33.14,80.7692,2.7023,-3.3405
14,60,332,48,0.0985,0.2074,9.936,89.1011,0,0.1106,873.982,115.1461,5.4158,180,173.9219,100,4.6412,4.05,205.4946,348.9125,11.07,32.96,88.4615,3.516,-2.8502
21.5,64,2,56,0.168,0.4602,10.3246,87.068,0.0542,0.2712,1094.4142,2.7986,1.0921,180,180,100,3.6815,11.1147,21.2274,455.5461,10.705,34.695,65.3846,1.8015,-2.2297
53.3,80,18,48,0.1008,0.2134,11.0213,87.8041,0.0067,0.3159,943.3015,48.6232,0,180,151.8473,92.7508,5.9056,4.8254,1.3529,530.3554,11.925,32.935,74.0741,2.5362,-3.1461
36.1,96,34,36,0.161,0.3797,11.8043,85.7811,0,0.0592,816.1047,58.5676,16.6006,180,142.5457,69.5095,7.5039,3.4717,10.6874,701.0786,11.24,34.31,74.0741,4.6332,-3.5037
48.4,103,41,40,0.1122,0.3159,8.4981,89.0045,0.0885,0.357,1073.4324,7.1137,0,164.4946,180,100,7.1093,3.3902,6.8366,599.6207,11.02,35.515,62.963,2.3326,-2.4651
34.8,104,42,56,0.063,0.1837,9.9742,88.3433,0.0072,0.4305,908.2768,94.4356,0,180,157.2337,100,7.2517,2.9239,261.6613,309.9717,12.47,33.14,76.9231,1.0772,-0.2493
36.2,108,46,72,0.0188,0.1524,3.9174,94.7253,0.0042,0.2777,177.5771,10.5595,0,180,169.6629,95.2717,6.3235,5.2106,48.7717,183.7399,11.44,33.55,46.1538,2.5287,-2.7076
7.8,112,50,56,0.0988,0.1245,9.5583,89.2318,0.1135,0.3112,691.7239,18.3621,9.2049,180,167.552,92.512,8.8724,4.4868,186.0934,494.4129,11.43,32.96,29.6296,2.1509,-0.4541
18.9,116,54,72,0.2779,0.2424,6.2,92.2725,0.14,0.1588,416.9758,16.872,0.2773,180,169.9732,100,8.6466,3.67,187.5016,255.6614,11.29,34.435,57.6923,1.8629,-3.5786
0.3,118,56,36,0.1119,0.1352,11.5407,86.8768,0,0.0886,778.9257,76.6469,0,180,155.9307,100,5.7078,3.9814,32.2798,558.541,10.545,34.995,88.4615,3.1928,-2.9061
27.6,122,60,36,0.0802,0.1649,9.248,87.3089,0,0.15,1089.8074,90.2406,2.3897,180,136.914,100,4.4649,2.2243,2.4095,787.2637,11.1,31.23,96.2963,2.6624,-0.805
29.7,124,62,40,0.1106,0.2179,11.3868,87.2106,0.1685,0.3745,922.9667,56.4261,0,180,151.8544,84.1078,4.8909,1.7553,4.3161,685.7233,11.785,31.755,73.0769,2.0885,-3.344
32.4,126,64,56,0.0839,0.2446,9.506,89.138,0.0786,0.3425,508.8468,7.7966,6.0062,180,180,100,4.8004,7.4388,77.6704,435.9471,11.095,33.295,30.7692,3.5733,-0.3902
38,134,72,48,0.1548,0.6159,12.5112,84.0429,0.0782,0.3975,1525.326,199.3857,9.3571,180,153.2832,93.4631,5.3846,7.96,134.7531,600.4734,11.225,34.505,60.7143,2.0132,1.7862
42,139,77,40,0.1467,0.1675,11.1095,87.7119,0.0128,0.0702,1310.3014,68.8359,32.5369,180,172.3808,100,8.4155,3.5014,5.753,550.1346,11.27,34.18,92.3077,2.5431,-1.9729
8.5,141,79,56,0.1885,0.4853,10.7552,88.0782,0.0821,0.2221,884.0015,18.0713,11.1772,169.7168,175.2099,100,7.1653,4.0269,125.2615,330.1536,11.76,32.525,76.9231,1.6217,-1.1002
40.9,146,84,56,0.149,0.2508,10.8619,87.5104,0,0.3433,577.098,13.1361,0,180,167.4971,100,4.602,3.2293,211.3993,319.7443,11.765,32.025,73.0769,2.8689,-4.329
38.9,148,86,72,0.1064,0.2004,6.2255,92.7018,0.0188,0.0751,255.4567,16.5457,0,180,168.6508,95.1527,6.0496,3.7439,130.2324,193.3137,10.845,35.54,38.4615,1.8484,-5.0697
5.3,149,87,56,0.0859,0.1718,6.9452,91.4318,0,0.1499,861.5138,170.4995,2.7159,180,169.8266,100,6.1986,3.8308,5.0258,376.7525,11.09,34.755,80.7692,1.5485,-5.525
-1.8,153,91,40,0.1608,0.1916,10.9199,87.8315,0.1283,0.1559,835.6666,81.8567,10.5218,180,146.3789,100,5.444,4.6006,3.7747,485.3441,11.18,35.58,92.8571,5.2752,-5.5828
14.3,155,93,48,0.0784,0.1603,13.4077,84.082,0,0.0972,495.4752,86.61,0,180,149.5881,100,13.9971,6.1792,193.9913,516.1876,10.99,33.115,62.963,3.7484,-2.6597
21.8,158,96,48,0.0316,0.239,6.5318,91.2645,0.3655,0.7381,1383.4755,46.9443,36.8126,173.3018,153.8133,100,3.2632,3.5414,119.7871,527.3738,11.56,32.935,57.6923,1.9259,-4.4744
11.7,159,97,48,0.0656,0.1531,7.6955,90.8744,0,0.1245,783.2294,61.3419,1.6211,180,163.1336,100,6.1356,2.8088,1.6187,393.2662,11.05,33.63,71.4286,2.5093,-4.3877
25.2,161,99,56,0.0548,0.1228,7.8014,91.6054,0.1247,0.1473,477.3417,4.9294,10.6804,164.9683,180,0,5.0494,5.2408,65.4593,316.4239,11.28,34.175,30.7692,2.2578,-3.9528
8.5,162,100,40,0.1414,0.1671,9.665,89.5139,0.0064,0.1864,947.47,37.4295,7.0457,147.9626,143.7731,100,5.8346,4.6418,102.3507,349.3597,11.365,32.83,50,3.6001,1.1324
-0.7,164,102,40,0.1183,0.1516,12.7051,86.3802,0,0.0966,1176.5623,96.8002,0,180,143.0174,100,7.3998,5.4868,3.0156,699.5129,11.72,32.28,96.2963,1.605,-3.7262
14.7,166,104,40,0.072,0.1293,10.8325,87.5129,0.018,0.2111,207.8499,1.6093,0,180,167.795,92.416,4.5806,2.6431,252.9451,695.1667,11.23,32.61,69.2308,5.5817,0.0547
18.1,168,106,72,0.0426,0.1239,5.3156,93.6448,0,0.1543,257.1742,5.0192,4.3884,180,167.9732,100,5.4812,3.7669,74.992,204.2969,11.225,33.65,15.3846,2.3017,-3.8242
37.2,169,107,56,0.0416,0.1758,5.1807,94.3014,0.0113,0.1985,532.7828,13.9905,4.9898,180,175.1006,92.1022,3.5301,4.7426,77.5927,264.1285,11.31,32.68,53.8462,2.8849,-4.1783
21.7,170,108,48,0.0244,0.0879,6.6491,91.9882,0.0668,0.2247,609.0842,6.1006,0.8345,180,180,90.6985,5.7413,7.3805,100.8796,373.2979,10.68,34.755,84.6154,3.0336,-3.8865
11.8,171,109,72,0.0977,0.1516,8.4568,89.8498,0.2274,0.3131,574.1447,73.5483,28.9099,180,180,95.4096,3.8206,7.7747,114.5158,297.1287,11.535,32.555,76,3.0832,-0.025
29.2,173,111,40,0.2506,0.2639,11.2208,87.7203,0.0166,0.1228,1228.9469,20.2603,15.5649,180,155.4701,100,6.0788,9.6183,10.8328,403.7448,11.13,34.185,88.8889,3.2889,-2.1006
5.5,175,113,56,0.1307,0.1601,7.3649,91.9945,0,0.0939,246.5036,27.4515,0,180,156.9379,100,8.8919,3.2404,150.5291,424.0103,10.7,35.585,69.2308,0.2765,-6.4711
22.6,176,114,56,0.1434,0.1784,7.5816,91.446,0.0909,0.1941,683.222,18.9863,5.7422,170.0828,180,100,6.4176,6.6008,152.0023,334.7124,10.975,33.235,38.4615,3.1917,0.2411
12,182,120,40,0.042,0.241,9.5315,88.5214,0.0469,0.3606,968.3024,43.1913,0,180,180,93.0695,7.6045,5.8749,101.2103,421.8171,10.96,34.315,100,3.5439,-4.7079
14.5,183,121,40,0.0731,0.138,10.384,87.8351,0.0114,0.1867,667.1301,59.2042,13.2352,180,147.7703,95.1518,11.8706,2.629,136.6223,630.1544,10.825,33.34,77.7778,7.2486,2.1315
30.9,184,122,56,0.0563,0.1125,6.2117,92.5467,0,0.0938,505.1464,26.7582,11.7566,180,165.4367,100,5.2904,1.8435,94.0258,303.561,11.37,31.74,42.8571,4.1537,-1.8296
26.7,186,124,56,0.2111,0.196,8.9141,89.942,0,0.0773,857.5978,34.3409,1.0929,180,171.7349,100,5.414,2.7483,1.9603,457.9914,11.145,35.26,37.037,4.2981,-0.9379
8.3,190,128,36,0.1117,0.1974,12.1179,86.4754,0.0337,0.0827,811.2284,18.7219,1.3421,180,138.2592,62.9233,6.647,3.3064,1.8759,611.7887,11.26,31.31,80.7692,5.0414,-2.788
-11.6,193,131,56,0.0641,0.1802,7.909,90.9631,0.0225,0.1213,762.613,52.9705,12.4118,180,165.4125,100,10.2568,6.671,202.5494,650.9857,10.77,33.88,84.6154,5.5177,-2.0433
68.8,195,133,40,0.147,0.2355,9.802,89.3589,0.0237,0.0869,1064.0524,101.7403,29.7264,180,157.4433,100,4.8038,4.6277,5.2314,634.9167,10.82,34.88,88.8889,1.8881,-1.9339
27.3,197,135,88,0.1036,0.2461,8.9369,90.1047,0.1252,0.19,438.8699,6.3843,14.433,144.7924,180,4.782,6.1165,3.5839,41.8178,228.3163,11.915,33.375,62.963,2.4678,-4.3576
12.5,200,138,56,0.0653,0.2464,9.4603,89.5615,0.1083,0.2427,787.6539,80.079,1.1144,169.3538,166.9367,91.8025,3.7249,4.0354,144.7816,461.4204,11.59,33.21,81.4815,3.9376,-1.8166
1.4,201,139,48,0.0566,0.1881,11.9088,85.0615,0.0965,0.516,794.0224,25.1744,6.2098,146.6685,180,78.9932,6.0093,6.546,156.0738,561.3098,10.59,33.89,66.6667,2.8841,1.5675
17.1,206,144,48,0.2568,0.2456,13.0766,85.496,0.0144,0.193,1032.6583,25.6641,11.3312,148.833,180,100,2.9687,6.4077,194.9633,360.1263,10.975,33.385,92.5926,4.002,-0.267
13,210,148,48,0.2651,0.6603,17.5177,80.8833,0.0725,0.14,1072.6422,23.5748,11.0941,169.0368,180,92.0098,5.9899,7.1107,196.0415,581.7629,11.325,33.24,65.3846,2.0543,-2.2428
18.8,213,151,48,0.0638,0.21,9.4347,88.9593,0.0286,0.2486,843.4872,31.8224,4.9271,180,158.8567,100,4.833,5.4847,131.603,151.659,11.495,31.645,65.3846,2.8927,-3.6609
27.2,216,154,72,0.201,0.29,7.0073,92.0861,0.0348,0.1585,543.6065,13.2793,15.9239,180,175.8111,93.2055,4.2308,6.4098,72.5438,308.2884,11.63,33.015,11.1111,4.1989,-2.0098
18.2,217,155,56,0.0927,0.334,9.4438,89.1604,0.0734,0.3687,1121.713,76.8263,0,180,172.416,92.7553,2.6888,3.3601,102.2464,403.6974,12.07,32.985,34.6154,4.4918,-2.4993
29.7,219,157,40,0.1855,0.5304,10.9415,86.1879,0.007,0.7439,1978.3162,30.1893,50.7712,180,167.7406,100,7.5055,6.6874,262.0562,514.061,11,33.06,57.1429,2.2826,-2.2955
15.3,224,162,88,0.1091,0.2554,8.9663,90.1832,0,0.2008,440.9957,0,0,180,175.4474,81.0317,5.8047,4.5559,71.496,250.0751,11.825,31.295,4,5.6565,-0.8654
13,229,167,72,0.1384,0.2264,6.3423,91.5318,0,0.0881,285.0249,12.3695,2.4896,173.0451,158.5651,100,7.3793,2.4237,60.3388,242.4101,11.61,31.155,28.5714,3.1609,-3.6586
17.9,238,176,48,0.0359,0.0787,7.497,91.6138,0.0291,0.3694,586.9156,11.3545,5.258,180,161.3176,100,4.1016,5.5335,202.0835,315.8284,11.26,33.985,73.0769,3.7551,-3.1754
28.5,239,177,48,0.1413,0.1654,10.0539,88.5502,0.0017,0.1741,681.4468,22.067,4.3553,180,178.7878,100,10.8246,2.8185,261.2061,445.1754,11.03,34.675,64.2857,6.8606,-2.4734
37.2,248,186,56,0.0814,0.1434,8.0571,90.1819,0,0.1375,668.7874,40.6998,0.2739,180,172.6954,93.8205,3.3497,3.0696,6.4655,318.4024,12.07,30.81,59.2593,4.0917,-4.4684
35.9,251,189,56,0.0748,0.2303,6.9096,92.0786,0.0157,0.2441,558.3281,7.2474,0,180,180,100,5.0495,3.2928,101.5368,285.9993,11.9,33.765,48.1481,1.2673,-4.5002
17.3,252,190,56,0.4308,0.4182,12.3033,86.1879,0.1082,0.2488,1389.2676,17.3511,34.6827,180,172.6131,100,4.6124,4.8132,220.5266,306.8166,11.765,33.255,26.9231,2.7695,-3.7687
45.5,3,197,40,0.0347,0.2309,7.1623,91.3509,0.3758,0.3547,1146.5199,3.2509,7.7727,180,180,63.2633,6.1446,5.4779,272.0928,458.8018,11.66,32.36,55.5556,2.3688,-2.9162
48.8,4,198,56,0.0784,0.133,8.7558,90.1001,0,0.1535,196.3193,0,0,180,166.4625,100,8.8385,4.6904,238.6483,584.9077,11.105,35.15,76.9231,1.7105,-1.5573
54.1,5,199,40,0.2234,0.2663,9.3826,89.4072,0.0074,0.1997,1490.7643,30.5157,8.0563,180,169.4614,94.8411,5.1202,7.3135,73.2988,483.9926,11.2,33.91,100,4.6594,-2.2598
14.5,9,203,56,0.062,0.0758,5.7052,93.0714,0.1275,0.5169,584.5441,0.8401,0,180,180,100,5.8528,12.1282,127.0419,382.7076,11.81,34.36,23.0769,4.9787,-3.7035
20.5,15,209,48,0.1127,0.1459,10.9606,88.0281,0,0.1078,921.8199,30.6683,8.6485,180,158.8653,100,6.2573,2.89,215.8222,282.2011,11.565,31.475,57.6923,2.4614,-2.422
25,18,212,56,0.1232,0.1027,10.5094,88.2805,0.0787,0.19,480.3089,0.5524,1.9112,180,180,91.9257,5.0465,10.1135,200.7379,420.7332,11.205,33.945,50,2.7274,-1.4499
23,19,213,72,0.0563,0.1468,4.9479,91.4794,0.0442,0.754,260.2647,0.5577,0,180,174.4618,82.7369,7.631,4.2647,195.6102,261.5974,11.14,34.265,48.1481,1.7491,-4.2372
35.2,20,214,88,0.0639,0.1515,4.5585,94.2179,0,0.1917,121.0571,4.1908,0,180,159.3581,92.8142,7.4797,5.2252,45.1363,261.0734,11.59,33.395,28,2.1062,-1.6036
40.7,21,215,56,0.1094,0.2388,8.1471,90.5807,0.0128,0.2916,1903.1123,21.5396,83.2969,180,163.4609,100,3.7513,4.3457,176.7559,293.7885,10.89,33.55,34.6154,3.3381,-2.3193
29.5,22,216,48,0.0744,0.1593,4.8579,92.7737,0,0.1852,671.5837,23.4413,6.0929,180,167.6991,100,5.7924,2.7706,254.1052,366.1053,10.41,34.405,57.6923,5.7573,-4.1431
29.9,23,217,72,0.0712,0.1444,8.9849,90.2993,0,0.2512,1259.7097,53.4163,8.8191,180,172.4024,93.4579,8.6489,2.9972,139.1032,148.2623,11.71,34.03,42.3077,3.1933,-1.998
31.3,24,218,40,0.0504,0.0883,11.0453,87.9223,0.1403,0.2144,924.899,62.0484,0,180,180,88.6617,7.1917,6.2795,186.0367,616.2529,11.575,33.57,96.1538,4.8778,-1.8592
31.9,25,219,40,0.0542,0.4441,8.8904,88.978,0.0617,0.2363,820.246,3.8017,1.8975,180,180,92.3499,7.0199,11.1131,95.1753,425.6773,10.59,34.2,57.1429,4.0604,-0.1048
33.7,27,221,56,0.1151,0.2738,8.7295,89.5599,0.1517,0.3017,372.2887,11.6441,1.6332,180,180,93.1318,3.8923,10.3267,113.1284,478.2388,10.825,33.69,12,2.8843,0.7756
18.7,34,228,88,0.0862,0.0606,0.711,6.3894,8.2939,0.0746,246.2647,26.4792,1.1394,180,165.9309,85.4606,4.4615,2.5552,89.8773,203.8728,10.49,49.85,85.1852,2.6161,-2.7618
17.4,39,233,56,0.1045,0.1843,7.7619,90.9385,0.0038,0.1026,310.1164,2.2313,1.0938,180,165.2152,100,6.0406,2.3607,193.8686,329.5543,11.325,33.21,51.8519,3.9831,-2.5392
36.4,44,238,48,0.1198,0.1435,8.1671,90.4945,0.1046,0.2397,708.2566,9.5413,6.1108,180,175.5254,86.3209,3.6818,5.2402,177.7687,419.947,11.88,32.41,84.6154,1.1967,-3.1701
40.2,62,256,48,0.035,0.1848,9.9377,89.0219,0.1348,0.3213,913.705,17.3909,0,180,180,66.5814,6.6019,4.0387,196.2062,443.6208,11.76,34.32,100,3.7483,-4.0438
-3.4,63,257,48,0.0721,0.1643,10.3772,88.1018,0.005,0.2717,393.067,28.3825,1.8922,180,177.0404,93.2729,5.0984,3.2224,250.6379,491.289,11.09,34.195,84.6154,3.1597,-1.7779
28.1,68,262,48,0.1467,0.2226,12.8197,86.032,0.0084,0.1585,1104.3038,27.4318,8.6803,180,178.5354,100,6.2447,6.5574,55.3851,270.163,11.93,34.21,88.4615,0.6754,-0.7254
59.1,69,263,40,0.018,0.1351,7.0628,91.6886,0.2011,0.2311,1392.7825,27.448,5.1606,180,176.718,100,4.7858,7.8607,154.8294,478.5982,11.71,33.74,74.0741,2.5045,0.307
21.2,71,265,48,0.1382,0.2114,9.6875,88.8724,0.025,0.2148,1524.5844,68.5846,29.181,180,169.1408,100,3.7743,4.337,1.6629,792.2359,11.48,32.435,100,2.3632,-4.1187
21.1,73,267,48,0.1758,0.628,10.2258,87.9974,0.0737,0.3483,819.412,13.2723,28.9101,180,180,92.3055,6.3909,7.1482,188.1781,382.007,11.22,33.81,96.1538,3.1113,-0.226
12.3,76,270,56,0.1073,0.1637,10.3778,88.9002,0,0.1819,590.6656,6.7798,0.2712,180,138.2233,93.1,8.696,5.1424,18.6515,376.7636,12.165,31.21,76.9231,2.5915,-2.421
24.1,77,271,56,0.0514,0.1212,8.476,90.4221,0.0661,0.2314,754.293,34.0608,8.5586,168.486,180,71.0933,6.7451,4.29,105.8731,322.3729,11.03,33.445,42.3077,2.2265,-0.8423
34.2,79,273,88,0.1318,0.2934,5.8232,92.6907,0.1956,0.3019,298.1346,0.8352,0.5568,180,170.6005,100,5.716,6.3115,67.1137,503.4526,11.375,33.695,11.5385,2.8343,-2.4516
32.9,80,274,72,0.0507,0.141,5.9644,92.9762,0.0242,0.4691,165.6846,5.0425,1.9379,178.0558,180,93.8041,4.9912,3.5731,268.1647,342.3257,11.3,31.945,40,2.8541,-1.5936
29.8,81,275,48,0.0485,0.18,9.1117,89.7877,0,0.1575,1095.2388,64.198,1.9429,180,146.447,100,4.768,2.2227,2.1615,318.3604,12.145,29.605,48.1481,3.984,-1.3816
38.6,86,280,56,0.1119,0.1413,11.3774,87.6777,0,0.0844,708.1672,69.2166,2.7296,180,148.7572,95.2648,4.4271,2.5326,9.2829,130.9498,11.71,32.375,33.3333,3.8789,-2.9205
17.7,88,282,40,0.0883,0.1333,7.7487,89.9046,0,0.098,481.6281,49.3212,0,165.8551,140.4645,100,5.9266,2.031,1.3787,546.7578,11.02,35.195,76.9231,1.6827,-1.951
13.8,89,283,56,0.1045,0.1898,8.9253,90.0804,0.1062,0.3099,771.2577,8.3699,2.7898,180,180,100,3.0722,6.0625,109.3462,514.3682,11.295,33.96,73.0769,4.8225,-6.248
26.5,91,285,56,0.0835,0.2448,5.325,93.6446,0.0247,0.5086,311.1115,2.5117,0,174.7155,180,100,4.7091,4.0518,103.4026,358.8778,11.175,34.105,30.7692,2.8319,-4.0385
5.6,92,286,48,0.0321,0.103,8.1441,90.6169,0,0.0827,1044.0626,125.9593,14.4117,180,174.4038,100,9.3558,3.7021,10.4987,321.7023,11.28,31.045,60.7143,0.6849,-3.2966
25.2,93,287,56,0.0957,0.3527,8.041,90.7839,0.0408,0.3066,1198.7283,43.5532,8.4383,160.1,180,100,3.1421,5.3724,123.9801,393.6664,10.97,34.015,96.1538,2.254,-3.076
36.8,95,289,48,0.0807,0.1203,8.1669,90.8625,0,0.1796,633.7024,81.8738,11.6737,180,143.2778,100,11.8917,3.7775,124.3783,467.2113,11.16,32.51,57.6923,4.0865,-2.7439
24,97,291,40,0.0857,0.4317,11.2067,87.3567,0.0602,0.2001,1139.876,5.8978,0.5353,180,180,95.0454,6.5908,7.462,19.4125,491.8524,10.585,35.085,100,2.6118,-2.817
23.2,98,292,48,0.1495,0.1882,12.1729,86.3956,0,0.1108,1330.301,143.4733,0.5424,180,173.2514,91.4105,8.1017,5.3483,4.0588,371.6598,11.365,34.515,82.1429,4.903,-2.8914
22.8,100,294,36,0.0898,0.2994,13.6359,84.3452,0.0504,0.4113,760.3362,5.2116,0,162.8398,180,91.9119,5.8305,3.6119,247.1694,616.8366,11.66,33.84,61.5385,3.6188,-1.3403
26,102,296,48,0.1429,0.1429,12.0385,86.9111,0,0.163,826.5112,14.0484,11.1302,180,155.3037,94.9835,6.1424,3.2291,144.5019,451.6107,11.49,32.97,80.7692,4.343,-5.1186
35.9,104,298,56,0.1237,0.2454,8.4324,90.3461,0,0.0989,478.866,12.0144,2.4498,180,167.7003,100,6.1703,3.8148,2.2354,574.9428,11.545,32.96,46.1538,2.3446,-4.3002
41.9,105,299,48,0.1027,0.2559,6.8082,91.8938,0.0253,0.2054,2031.2892,107.7971,4.0979,180,164.0699,100,3.8393,4.2989,257.2486,355.3701,11.43,33.925,77.7778,5.316,-4.2805
41.7,106,300,48,0.2301,0.2059,17.9037,81.1274,0.154,0.1678,702.4913,7.3864,5.4319,180,168.0953,72.5833,4.2054,2.4207,257.0883,349.3338,12.11,32.29,66.6667,3.8589,-3.6803
29.8,110,304,56,0.1447,0.2099,10.1778,88.1235,0,0.1465,700.3286,3.2423,13.2966,180,163.7495,100,7.1601,4.5843,215.6268,575.6224,11.17,34.745,71.4286,2.4991,-2.0081
26.1,113,307,32,0.0877,0.3241,12.3144,84.228,0.168,0.6793,1116.307,117.5057,22.8236,180,149.8904,100,5.6424,3.4514,9.6235,403.1775,11.19,33.54,81.4815,1.419,-1.752
2.7,126,320,72,0.088,0.16,6.2075,91.9861,0.044,0.3041,370.2728,3.2989,0.5469,180,167.0833,61.0741,7.2613,4.2001,166.4657,372.186,11.095,34.96,62.963,1.7043,-1.8998
26.9,127,321,56,0.0832,0.1526,6.3359,91.8612,0,0.1248,270.5612,43.6733,0,180,169.0421,100,6.2456,2.4985,65.168,282.893,11.04,34.26,65.3846,2.9475,-4.6644
15.8,129,323,72,0.0878,0.2382,6.8521,91.3612,0.0313,0.326,317.2052,3.8487,0,180,173.504,100,6.9369,4.8603,154.1044,292.0061,11.09,34.47,62.963,3.3331,-0.709
34.9,131,325,56,0.1032,0.1694,7.8693,90.6666,0.0019,0.1324,452.2464,48.968,0,180,145.5022,40.3901,9.35,4.3158,267.3535,303.223,12.215,30.85,92.5926,1.3696,-2.0095
36.7,141,1,56,0.3547,0.3942,8.0088,90.0749,0.1239,0.3979,796.4708,9.2505,0,180,174.4608,73.32,5.3528,4.638,153.6814,398.4643,12.17,32.965,88,1.4389,-2.2857
10.6,144,4,56,0.261,0.2216,11.7846,87.4568,0.0338,0.0789,1826.9722,12.8017,4.4639,180,172.6222,100,4.6162,10.3689,151.302,413.8251,12.1,32.945,80.7692,1.5889,0.1552
39.2,145,5,56,0.046,0.1418,5.3499,93.7016,0.0115,0.3871,878.6456,8.6957,0,180,180,100,5.9462,4.5047,161.4738,336.1743,11.065,33.65,65.3846,3.0846,-4.2663
17.5,152,12,48,0.0772,0.2479,10.448,88.2895,0.0213,0.3612,1070.0856,159.8552,4.0679,180,168.8109,100,5.7198,7.8577,213.5869,478.3773,11,34.87,33.3333,3.0805,-4.3515
39.9,155,15,48,0.1325,0.2282,13.0365,85.2471,0.0101,0.2013,1515.1296,56.4078,11.6052,180,158.4944,100,5.308,2.9775,186.7999,642.5744,11.615,32.73,57.6923,3.927,-0.4486
18.3,156,16,56,0.0257,0.1265,5.122,90.9461,0,0.2237,267.3375,18.0959,2.4443,180,168.0226,94.9157,7.7422,3.6426,196.1344,432.0893,10.335,34.205,40.7407,1.6891,-0.8445
33.9,159,19,48,0.1649,0.7098,12.2588,85.8063,0.1215,0.3835,858.2647,1.9386,24.0468,180,180,100,3.9244,4.762,259.6343,358.473,11.15,33.455,48.1481,2.6874,-0.0613
21.2,160,20,72,0.0835,0.2028,5.3722,93.1486,0,0.1412,277.6591,0,0.555,180,154.6113,94.9992,6.288,3.2989,251.6214,362.9243,11.125,35.005,44.4444,2.5679,-2.7946
23,162,22,48,0.0472,0.1136,6.2333,91.4384,0,0.1311,688.54,59.0907,6.2513,180,175.5745,92.8732,5.6006,3.1304,226.8837,455.0354,11.205,31.78,80.7692,3.409,-0.0146
32,164,24,56,0.0749,0.208,7.8509,90.431,0.0019,0.6314,947.0322,71.4161,0.2811,180,174.2415,100,6.0593,4.6034,211.5294,343.44,11.645,31.775,66.6667,0.3653,-1.6203
16,165,25,72,0.0518,0.1555,5.3308,93.6283,0,0.2115,292.8759,7.7026,0.8498,180,176.5757,91.1479,5.4391,3.2534,79.4783,298.2872,11.495,32.57,42.8571,1.6382,-2.2662
18.2,167,27,113,0.0427,0.1496,4.8031,93.7582,0,0.3015,152.8806,5.0261,0,180,169.5672,88.9374,5.1903,2.7977,90.6985,137.21,11.31,34.79,11.1111,2.236,-1.9601
39.4,168,28,56,0.2231,0.2688,9.3893,89.7202,0.0219,0.1152,1057.8674,17.9989,22.6727,170.1231,178.1571,95.2317,5.8995,3.9525,241.715,398.6748,11.15,32.935,33.3333,3.8919,-1.4725
32.4,174,34,48,0.0598,0.2177,8.1684,88.3372,0.0199,0.4021,534.2968,20.9392,4.8814,180,174.304,100,6.6558,5.9902,133.8675,618.0674,11.44,32.52,96.1538,1.3527,-0.0122
40.2,175,35,56,0.0905,0.6162,10.5843,87.2736,0.0888,0.3516,1136.0824,39.4423,11.6873,180,180,82.1345,3.6947,6.5384,99.6679,621.3797,11.275,33.8,88.8889,2.6725,0.2186
37.5,177,37,56,0.0769,0.1613,9.7545,89.2048,0.1781,0.2288,750.7807,31.0691,11.3846,178.5792,180,93.8859,5.8807,2.9969,242.0605,380.9471,11.655,33.06,66.6667,1.8554,-0.924
19,179,39,56,0.065,0.1683,7.9529,90.3506,0,0.1377,231.6646,5.8667,0,180,143.2685,95.1771,6.5259,2.4737,120.1327,339.8853,11.275,31.55,60.7143,2.0464,-2.6093
41.7,182,42,88,0.0566,0.2176,5.7786,91.2169,0,0.3416,294.605,27.2906,0,180,167.1859,94.9311,4.6189,4.464,38.8397,254.0667,11.175,31.445,42.8571,2.2287,-3.1542
30.9,184,44,56,0.0339,0.079,6.6421,92.6262,0.0263,0.2144,603.431,0.8433,0.2743,180,180,87.3102,5.3691,5.8971,107.5773,275.0953,11.11,34.335,19.2308,2.8066,-1.7262
12.7,185,45,72,0.0375,0.1719,5.311,88.9611,0,0.739,363.0299,88.4738,1.4066,162.9644,160.2491,100,4.5918,4.7134,153.8843,349.9808,11.325,32.615,33.3333,0.9927,0.8335
25,188,48,72,0.1174,0.2141,5.8494,91.9002,0,0.1812,209.388,3.3233,1.0971,180,177.8861,100,5.8287,4.2767,62.2603,342.1322,10.805,35.07,68,1.2434,-4.4697
20.8,190,50,48,0.1812,0.3094,9.208,88.5971,0.0096,0.2405,1714.1537,34.7585,19.2071,180,180,100,5.1113,8.5783,63.4161,423.6357,11.25,33.69,61.5385,2.1751,-1.7905
12.3,194,54,56,0.0631,0.1616,5.5234,93.219,0,0.1064,240.8465,3,0,180,167.2235,100,4.3043,3.5766,142.5672,267.2579,11.335,34.685,33.3333,1.9612,-4.6672
22.4,196,56,88,0.0932,0.1588,8.1763,91.1524,0,0.1122,645.4703,26.3071,0,180,169.8321,100,4.3922,1.9173,64.5784,289.9254,11.82,33.225,48.1481,2.202,-2.8157
23.9,197,57,56,0.1506,0.3479,9.0826,89.7735,0.1471,0.2821,594.8139,1.6736,0,180,155.9286,94.5107,4.672,5.7383,109.3304,601.6818,11.535,34.08,25.9259,3.301,-2.0304
19.2,198,58,72,0.1784,0.3455,8.8881,90.1861,0.1108,0.1127,352.6829,0.5485,4.6627,180,180,77.2417,4.2733,8.3733,91.0114,291.1784,10.985,33.75,42.3077,3.3299,-2.1283
54.6,201,61,40,0.368,0.4387,12.5487,85.1711,0.0204,0.2312,1308.6466,27.8447,30.9413,180,169.5529,100,8.8512,6.0467,130.971,529.9227,11.515,34.025,70.3704,-0.1588,-1.6535
5.3,206,66,40,0.0363,0.1863,9.3283,88.7382,0.1648,0.8193,1471.004,223.5337,10.0192,180,150.4736,93.1794,8.9305,5.753,268.2855,447.1195,11.67,33.405,96.1538,3.3149,-3.0595
35.9,211,71,48,0.1083,0.3097,8.6329,90.262,0.0051,0.2082,1493.9883,79.8624,2.1844,180,166.9405,90.901,6.1642,3.4881,14.2989,468.7402,11.595,32.775,100,1.9171,-1.8656
40.4,217,77,40,0.1106,0.431,9.6456,87.3892,0.0163,0.5644,1248.1448,34.7682,4.9211,166.8675,177.0989,100,3.5018,3.4431,147.1676,614.5771,10.85,33.64,85.1852,4.0444,0.5561
27,229,89,48,0.0338,0.1454,7.3266,91.3021,0.0135,0.4464,771.569,58.4799,1.1144,180,154.3347,100,6.1386,4.7317,107.5128,347.3447,11.91,33.115,100,1.4907,-1.787
47.9,233,93,48,0.0957,0.1999,9.3606,89.3886,0.0154,0.1504,1643.2334,74.9279,20.3591,180,156.057,83.3113,6.7759,5.2709,192.6326,591.7026,11.845,33.315,92.5926,3.2835,-2.4328
39.2,234,94,48,0.0569,0.1431,11.008,87.7487,0,0.2155,484.0277,36.7798,0,180,151.9516,100,6.2747,2.1942,160.7068,578.7869,10.855,35.585,81.4815,0.7188,0.3647
56.1,237,97,48,0.0792,0.17,8.0886,89.5162,0.1023,0.1486,1582.7687,227.9057,22.3134,180,170.9692,100,5.1219,3.322,196.6112,748.1512,11.395,32.625,57.6923,1.29,-4.3249
22,244,104,56,0.088,0.2947,7.3608,91.688,0.0096,0.2316,700.949,26.4216,1.9379,159.5997,174.1345,100,4.7088,2.4453,159.6093,278.3261,11.885,32.395,55.5556,3.1502,-3.0254
32.5,245,105,40,0.1337,0.1815,10.7023,86.6312,0.0561,0.1337,905.8609,308.5963,13.7695,180,150.1893,94.9573,6.7604,2.4663,1.6093,729.6451,11.68,32.28,59.2593,3.0805,-2.2352
18.7,254,114,56,0.1676,0.21,7.7971,91.1532,0,0.1849,470.9705,57.6422,0,180,168.878,100,7.6988,3.9268,123.1413,230.3725,11.355,32.57,3.5714,3.1256,-0.4502
29.9,3,119,56,0.1614,0.1966,7.5222,91.118,0,0.2059,518.4539,0,0,180,165.6373,100,5.6162,4.5851,243.0821,413.8506,11.68,33.54,69.2308,2.8586,-3.1378
30.8,8,124,56,0.0463,0.1319,6.7768,92.4427,0.0249,0.3136,358.1738,2.4535,4.9071,180,180,92.9276,4.8455,7.1204,121.3198,312.4235,11.685,34.295,11.1111,5.0607,-2.837
35.7,10,126,48,0.338,0.3085,13.7,84.6888,0.0837,0.2313,947.8134,10.0201,16.1066,180,169.8557,88.0245,7.2641,7.001,135.1478,581.678,11.43,34.975,59.2593,2.0586,-0.9992
32.5,11,127,56,0.1234,0.2213,9.9491,88.9072,0.0744,0.1371,657.7911,12.9459,17.8659,180,164.7625,100,4.3822,2.8794,154.4547,212.3579,11.805,32.555,11.1111,2.4503,-0.952
27,14,130,72,0.0183,0.1075,4.6655,93.6407,0,0.2475,160.9027,30.0113,1.652,180,168.2573,100,6.1144,5.2755,161.9753,270.9274,11.1,31.56,64.2857,3.1702,-1.9203
21.2,15,131,56,0.1423,0.1866,7.1532,91.9619,0,0.0222,324.4562,15.5639,0.5444,180,160.1066,100,4.9371,2.1493,1.362,406.8598,10.95,35.06,25.9259,4.406,-1.7384
14.5,16,132,56,0.1291,0.4159,10.6126,87.8027,0.0717,0.1219,1266.4058,211.2993,11.7448,180,175.2044,100,8.1825,3.9745,170.0907,340.597,12.24,31.26,55.5556,5.3369,-3.2066
-11.4,18,134,56,0.1162,0.1688,7.7116,91.2104,0,0.2015,735.6752,2.4425,0,180,157.3705,100,5.4571,3.066,254.9747,555.3699,10.475,35.33,67.8571,2.6128,-1.2216
20.2,20,136,72,0.1566,0.2151,9.3525,89.6679,0,0.0773,469.7086,26.3708,0,180,175.2026,94.9243,5.7423,4.2324,96.9235,326.4796,11.39,32.105,22.2222,3.6548,-2.751
63.6,24,140,36,0.0528,0.3167,7.7911,85.4985,0.0161,0.3519,2032.0553,328.1425,34.9172,180,147.5584,100,5.6855,7.2474,38.7168,648.4118,11.43,32.035,100,5.7872,2.3148
10.8,27,143,48,0.1551,0.3853,8.8642,89.7365,0.0884,0.1451,2170.8704,32.1847,3.8615,180,168.6552,100,7.5708,5.2763,154.6969,574.202,11.29,33.295,62.963,2.545,1.1533
20.8,32,148,56,0.0628,0.1483,7.8207,91.5388,0.0157,0.2199,1003.3013,17.7368,4.1882,180,158.2586,90.3234,5.587,10.3439,3.6135,319.2673,11.445,33.815,30.7692,3.264,-4.8671
59.3,35,151,36,0.0744,0.1378,12.6247,86.1066,0.0333,0.1172,1097.222,44.656,4.9669,180,157.5182,63.9632,9.2186,4.0489,3.521,471.1357,11.315,32.41,88.4615,1.0882,-3.8709
35.3,36,152,48,0.0719,0.178,8.7687,90.7083,0.0108,0.1204,1164.7865,37.3015,26.9587,180,166.6722,43.3032,9.0066,5.1349,1.6678,735.4637,11.935,32.23,76.9231,4.0592,-3.8443
22.7,38,154,56,0.1348,0.1656,10.6555,88.5914,0,0.0732,871.8687,109.0882,19.5594,177.0401,167.3972,94.6162,5.3929,2.6882,33.0458,405.9553,11.89,33.62,61.5385,3.3784,-4.163
27.7,40,156,56,0.168,0.1435,9.3544,89.5833,0,0.049,645.2532,12.1228,9.1594,180,168.3441,100,8.8622,3.8543,236.036,589.6566,11.255,35.03,75,0.4526,-4.0989
35.7,41,157,56,0.0142,0.1491,3.2828,92.8878,0.0355,0.6193,586.8772,12.1256,2.1793,180,180,100,4.5132,6.4468,137.726,318.955,10.71,33.875,73.0769,3.0779,-3.198
28.6,45,161,56,0.05,0.1922,4.6197,93.4688,0.036,0.5885,452.6412,3.6406,0,165.0157,180,86.0416,5.3872,3.5342,103.1729,303.4816,11.34,33.335,52,4.2016,-4.7021
2.6,47,163,56,0.1419,0.2583,9.0674,89.5665,0.1492,0.3365,507.5094,5.4604,0,180,180,84.4496,4.5279,2.6675,200.5271,436.9807,11.59,33.79,59.2593,3.5335,-2.7671
9.7,52,168,40,0.065,0.2416,7.9373,91.1678,0.1266,0.245,1011.1516,74.5564,0.5404,180,180,94.3938,7.9057,6.2241,197.8352,449.1038,11.54,33.585,72,2.8085,-4.442
20.7,53,169,40,0.1961,0.3091,9.0256,89.6942,0.0847,0.2385,1734.4233,50.6668,12.144,180,180,44.0541,3.0597,6.8785,219.088,495.4385,11.84,33.24,92.5926,6.0023,-0.4849
15.5,56,172,48,0.1078,0.219,10.8555,87.5882,0.0707,0.1061,965.564,38.5931,0.2706,180,167.3434,80.3723,5.2058,4.5532,142.0743,541.8379,11.635,33.105,92.5926,4.9569,-5.3981
37.3,57,173,72,0.0147,0.225,3.6819,94.7242,0.0967,0.4163,223.1351,0.8479,0,145.6478,180,91.3228,4.7827,3.2639,99.7738,208.0691,11.185,32.93,30.7692,4.1254,-4.7936
28.3,58,174,56,0.0128,0.0932,4.1132,93.3458,0.0073,0.2724,653.4872,10.4333,0,148.3745,177.4489,91.743,4.7206,4.1618,101.1926,392.6252,10.69,33.14,52,3.7028,-4.417
34.7,59,175,40,0.0575,0.1549,8.5471,90.1208,0,0.1422,251.26,12.1033,0,180,151.3421,85.7975,9.2437,2.6536,2.6826,443.4798,10.765,33.505,73.0769,2.9333,-2.3121
29,60,176,56,0.0812,0.1699,7.1006,91.776,0,0.3134,407.335,14.7463,7.3981,180,173.435,100,5.0534,2.8644,51.4628,257.0728,11.185,33.305,51.8519,3.0274,-1.8601
18.9,62,178,56,0.1438,0.5735,8.5248,90.1044,0.1438,0.1687,1190.5326,25.8264,20.8409,180,180,100,5.5925,10.1357,114.4544,518.3867,11.82,33.065,26.9231,4.95,-0.0298
36,64,180,48,0.095,0.2052,7.8436,90.7114,0,0.3053,1272.8467,73.2336,5.4257,180,174.9847,95.4065,4.2066,4.7275,204.5966,571.0739,11.68,33.555,96.1538,5.1645,-3.815
33.2,65,181,56,0.0706,0.2314,6.9974,91.6621,0.0442,0.3108,1050.3119,39.7157,11.4659,180,179.7441,80.1121,5.9371,9.9493,65.0086,250.006,11.15,33.125,73.0769,4.4702,-1.2105
18,67,183,56,0.0454,0.2044,7.6904,91.5525,0.0511,0.2839,480.0985,1.3703,0,166.1014,180,100,3.2077,4.4634,161.9234,272.9961,11.66,33.55,53.8462,4.7108,-3.4321
14.1,68,184,56,0.1516,0.1735,10.0738,88.8907,0.2246,0.1918,734.6146,14.098,0,180,180,88.8175,4.6352,8.3126,78.23,527.2961,11.91,33.44,53.5714,3.7531,0.54
23.1,71,187,56,0.0889,0.2069,7.9396,88.303,0.0417,0.4356,359.3799,36.4292,0.5548,180,177.1935,94.1609,4.5071,2.765,217.4378,336.5692,11.43,34.06,66.6667,3.5108,-1.7089
20,77,193,48,0.1252,0.1653,12.9935,85.818,0,0.1302,832.6691,56.7368,4.1512,180,142.0171,100,4.427,3.0885,72.6136,619.2921,11.44,32.07,77.7778,3.7129,1.2452
28.8,78,194,72,0.2133,0.2216,9.7972,88.4863,0.0125,0.1965,253.2614,5.6007,0,180,168.5837,94.8819,5.1064,3.6506,149.0453,278.0226,11.445,34.465,48,3.3807,-1.9713
52.3,83,199,56,0.0311,0.1575,7.2793,91.2003,0.0678,0.4396,1267.1914,83.0619,15.0445,180,175.7726,94.4453,8.3581,5.2556,151.5054,314.5535,11.545,32.55,88.4615,2.3467,0.9544
28.8,84,200,88,0.0489,0.1318,5.3701,93.7863,0,0.102,269.7715,0,0,180,162.9632,91.2209,5.8094,2.9358,69.5251,292.3935,11.415,32.1,18.5185,4.1145,-2.7324
31.2,85,201,40,0.2435,0.2932,12.6178,85.8923,0.008,0.2275,2050.271,48.502,27.5023,180,174.7361,94.7863,5.7923,7.5181,111.9488,361.4123,10.735,34.59,100,1.4408,-3.4856
18,90,206,56,0.0599,0.1498,6.8991,91.6626,0,0.1367,297.9764,16.1087,0,180,156.9215,94.4207,5.2691,4.2151,269.4762,303.5179,10.87,34.845,62.963,1.736,-3.5437
45.6,91,207,40,0.1731,0.3202,10.2491,88.4331,0.0368,0.2069,1497.6586,68.0073,7.1295,162.0419,164.8248,94.1028,5.9472,6.6874,3.5747,639.7649,12.09,32.95,92.3077,0.0218,-3.0695
18.3,93,209,72,0.0283,0.1377,7.0271,92.3013,0.0717,0.3132,809.827,38.1853,3.0997,180,180,73.6236,3.8334,6.8025,80.0287,367.7213,12.165,31.275,84.6154,2.205,-3.1038
-1.8,94,210,40,0.1325,0.1452,11.658,87.7611,0,0.0255,1148.985,87.2189,2.7514,180,131.0488,86.8057,6.5914,4.1213,4.9525,424.5492,11.4,34.34,80.7692,3.3983,-1.45
36,95,211,48,0.1588,0.1722,10.6139,88.4534,0.01,0.102,392.5193,16.886,0,180,160.2786,100,3.9875,3.8435,260.1791,473.2577,11.025,35.195,88.4615,2.5997,1.4137
7.3,100,216,56,0.0893,0.1185,8.6636,90.3209,0,0.1787,783.3223,26.5595,0.271,180,167.3544,100,9.1359,5.3663,267.2843,441.2435,11.87,32.885,69.2308,3.4025,-0.9429
24.7,101,217,56,0.0829,0.1382,10.4367,88.9532,0,0.1696,821.7693,21.6812,5.4482,180,150.8287,100,7.0976,3.5503,206.1764,295.6258,12.02,30.525,80.7692,2.1317,-1.5298
32.4,102,218,40,0.072,0.1899,10.0367,88.4161,0,0.1768,613.9053,55.4307,3.7743,180,178.896,100,7.5329,4.7259,146.0642,464.9561,11.305,34.68,65.3846,3.63,-4.0376
4.4,104,220,40,0.1671,0.4842,17.4424,81.0695,0.0789,0.4084,1496.5488,235.4422,2.7019,180,151.2541,93.5401,6.5932,11.2439,2.9719,579.7289,11.19,34.5,74.0741,2.8074,-0.6709
1.8,105,221,48,0.0609,0.1843,6.1314,93.1487,0,0.2991,862.9197,19.1222,1.6715,180,153.9137,100,6.5201,4.7096,42.8799,376.9828,11.055,33.695,61.5385,0.8785,-3.3102
13.3,106,222,48,0.1425,0.3615,11.7288,87.1051,0.1008,0.2468,849.8582,25.3568,30.3065,180,180,100,7.6384,6.2002,208.4069,352.6451,11.7,33.675,38.4615,3.5049,-1.7789
21,109,225,56,0.0579,0.2164,9.5364,89.2539,0.2283,0.3834,682.6876,25.6776,1.361,180,180,10.2148,5.468,7.7665,170.0016,467.3559,11.665,34.23,70.3704,3.6812,-0.8818
12.2,110,226,48,0.0697,0.1325,10.6579,88.0441,0.0034,0.3602,757.4197,115.6303,0.5392,180,150.4792,100,5.4762,2.8742,1.6279,530.2302,11.485,34.47,53.8462,1.4365,-1.5656
32.9,111,227,56,0.0679,0.1055,7.9773,91.4042,0,0.0411,411.1788,50.4068,1.6803,180,154.3988,90.1136,7.8035,5.2776,228.5815,288.0486,11.585,31.7,50,3.5106,-3.376
23.8,114,230,40,0.1492,0.1866,11.6118,86.1787,0.1963,0.2644,802.0494,23.6509,0,180,180,80.2936,6.0247,6.8282,126.5803,514.3993,11.31,33.81,40.7407,3.8967,0.3905
13.2,116,232,56,0.0792,0.2647,8.2431,90.639,0.0624,0.3136,698.4177,30.8283,10.3515,180,180,100,5.8387,6.9739,163.5886,436.1494,11.68,31.665,74.0741,2.6269,-0.5453
27.1,118,234,56,0.1406,0.1836,11.1628,86.693,0.0625,0.2207,670.1663,3.5684,2.9898,180,163.7327,90.4064,7.0778,2.1748,123.0328,415.8594,11.73,32.04,53.8462,3.4403,-1.6246
59.9,119,235,56,0.1477,0.1624,9.6438,89.0975,0,0.1975,992.5192,51.9957,3.0064,180,170.0304,100,8.2022,3.1778,196.5643,416.4328,11.355,32.995,65.5172,5.506,-4.4992
37.7,123,239,56,0.1396,0.4055,7.6737,90.876,0.1584,0.3753,206.6393,12.0497,0,164.426,173.177,100,2.8557,4.0821,242.3387,443.7577,12.265,32.115,55.5556,2.6675,-4.8994
51.2,126,242,48,0.0734,0.1984,6.6699,92.1915,0.03,0.2317,1542.504,56.7948,2.4956,180,167.2731,100,8.9881,6.0374,130.2969,282.7635,11.255,33.46,80.7692,4.6048,-4.3953
17,129,245,56,0.1694,0.1973,12.3255,87.0397,0.0149,0.0726,818.118,8.609,1.361,180,165.2522,28.6188,6.3743,2.6671,161.9992,668.197,11.83,33.665,65.3846,5.4449,-2.156
6.3,132,248,56,0.0828,0.1618,8.9984,87.715,0.2119,0.4816,203.6989,0,0,180,174.6198,44.9568,7.7989,3.4108,234.6811,369.9713,11.62,31.315,61.5385,1.323,-1.6609
-0.9,136,252,48,0.1394,0.1917,12.1515,87.1341,0,0.0662,824.5509,83.2017,0,180,177.8934,69.7864,7.5429,2.7533,176.1627,499.5163,12.19,30.13,80.7692,3.5557,-3.4155
17.3,143,259,48,0.1068,0.1825,14.8026,84.3605,0.0448,0.0672,641.3107,28.2066,0.8136,180,141.891,100,7.2331,9.0228,1.8983,488.5363,11.905,35.205,53.8462,1.5852,-0.5711
57,148,264,40,0.1265,0.5188,15.0775,81.876,0.2025,0.193,1113.6237,102.5262,50.8068,180,163.6976,91.6835,6.4272,4.5456,2.2011,654.5133,10.68,36.02,88.8889,1.9002,-2.9158
46.3,157,273,48,0.0453,0.1494,8.4471,90.5002,0.0856,0.3811,1895.1647,35.5589,4.9063,180,180,76.9536,11.0189,5.2004,218.9989,421.4839,11.45,33.645,100,3.3984,-4.2354
31.1,158,274,72,0.0913,0.1945,7.3655,91.4896,0.1111,0.5596,242.3586,0,0,174.0191,180,100,4.8226,3.8688,194.0043,244.3369,11.87,32.97,57.6923,2.5794,-3.8366
12.6,159,275,88,0.0363,0.1366,5.1425,93.8908,0,0.1856,548.1219,40.8726,1.1043,180,153.6806,86.5616,5.9424,2.6783,182.1497,320.3573,11.59,32.455,61.5385,3.4949,-2.4418
22.9,161,277,48,0.0744,0.1258,9.4481,89.0454,0.0975,0.4236,1061.0944,6.2791,8.7236,180,148.903,86.4845,5.165,5.4059,213.4368,591.5663,11.185,33.825,55.5556,3.7693,-2.3801
21,166,282,56,0.0999,0.2273,9.8018,87.8997,0.0103,0.241,771.1129,1.3631,0,180,180,100,3.4745,10.5659,76.8556,282.8379,11.24,33.51,46.1538,4.442,-0.4571
41.2,168,284,72,0.0739,0.2716,8.8826,90.4135,0.0573,0.1145,684.1855,6.2033,0,180,180,100,4.1366,11.1035,87.0926,289.1974,11.69,33.25,69.2308,2.2116,-4.6817
39.6,169,285,56,0.127,0.2386,8.7522,90.3799,0.0096,0.3021,459.7148,6.3132,1.9214,166.3491,162.4212,100,4.1583,3.4387,4.9116,269.7794,11.41,33.215,81.4815,2.3788,-0.7006
19.7,171,287,48,0.1474,0.2491,13.3476,84.9141,0.0779,0.3999,715.7753,13.6308,1.0816,164.8666,180,94.9549,4.2152,4.0252,231.6555,594.1105,10.81,33.38,55.5556,2.0655,0.4917
33.7,173,289,72,0.0682,0.124,6.131,93.2013,0,0.1282,769.3047,16.7112,0,180,156.5015,100,3.829,5.1324,176.7628,210.2356,11.695,32.475,61.5385,2.2543,-1.403
26.7,174,290,48,0.0438,0.3555,9.001,89.0798,0.2292,0.6319,1408.2944,197.3931,12.4729,180,151.9059,94.5367,5.228,8.1,117.5852,551.3765,11.26,32.68,92.8571,2.359,0.7852
-10.6,175,291,40,0.0845,0.1201,10.4648,88.4857,0.0044,0.1527,1942.8781,90.4456,14.9741,180,178.8158,92.107,6.5126,9.4945,223.0019,597.7181,10.69,34.43,100,3.9518,-1.4306
43.9,177,293,48,0.1268,0.2046,10.8555,87.3998,0.0338,0.2232,1007.6413,55.3483,0.8296,180,168.4347,84.6427,6.8083,3.8075,205.4954,726.2613,11.52,33.26,69.2308,3.5585,-1.9372
52.6,181,297,48,0.1489,0.2453,14.2333,84.7109,0,0.1066,641.9785,23.2836,0,180,173.019,78.4249,9.9044,5.7355,143.9526,756.6213,10.755,35.735,80.7692,3.8923,-1.1728
34.4,183,299,48,0.1295,0.1721,11.4505,86.9695,0,0.1721,1221.3625,79.9336,4.3488,180,167.4863,100,9.9412,4.0066,1.3837,501.7396,11.92,34.315,59.2593,4.8781,-1.7386
19.7,185,301,40,0.0542,0.1233,9.5052,88.7243,0,0.263,1078.9899,51.7286,13.45,180,166.5914,100,3.8824,3.6858,196.0844,596.0685,10.79,33.58,70.3704,4.1885,-0.5852
17.4,187,303,48,0.156,0.3797,11.1437,87.4036,0.1644,0.339,657.2505,6.5671,18.9692,180,180,78.895,4.629,6.8003,200.4842,645.1874,11.265,33.765,57.6923,1.3437,-0.554
107.9,188,304,56,0.0752,0.1786,8.2422,91.0624,0,0.1165,821.9554,69.1907,9.9006,180,153.9127,100,7.0581,4.757,181.6964,250.7355,11.37,32.085,73.0769,2.8472,-2.2665
27.8,190,306,40,0.1744,0.3125,10.9335,87.8637,0.2412,0.2154,1333.6582,71.748,15.0763,180,180,77.269,3.5754,9.5555,7.8189,738.0629,11.35,33.26,39.2857,5.5706,-0.9367
24.1,192,308,48,0.1309,0.1695,8.8652,88.7625,0,0.1661,566.6155,17.8368,0,169.8551,171.0064,100,5.2602,2.1861,270.4996,666.653,11.085,35.23,96.2963,1.6341,0.192
32.2,194,310,48,0.117,0.2943,9.0196,89.5673,0.0189,0.2513,1062.8583,15.8095,3.3381,164.3636,170.5339,94.6552,3.9805,3.59,201.5694,573.0151,11.3,32.795,73.0769,3.8026,-0.7923
42.2,195,311,56,0.0655,0.1421,7.4449,91.6014,0,0.202,802.5124,24.0811,2.4682,180,175.1531,100,3.7247,5.8029,7.6563,238.3796,10.985,32.81,40.7407,2.6274,-4.1325
14.3,199,315,40,0.153,0.2758,10.9861,87.5761,0.0824,0.3985,823.8597,0.5527,3.3167,169.0368,163.7735,93.002,5.5752,3.6498,157.6784,408.7637,11.01,34.075,76,1.3561,-3.392
-22.3,203,319,56,0.2305,0.2665,13.5951,85.3426,0.0432,0.0864,1108.6868,56.0167,14.671,180,169.0343,100,5.0005,2.5429,112.7959,487.9185,12.22,32.94,92.5926,3.1238,-0.8152
25.2,205,321,56,0.0234,0.2337,4.2031,93.0031,0.1636,0.4908,745.7293,0,1.6756,180,180,95.3954,6.9669,7.8191,190.9845,436.9432,10.875,33.21,42.3077,1.8433,-3.0742
42.9,209,325,72,0.159,0.2258,10.3494,88.3373,0,0.2945,177.0983,0.8433,0,180,161.6147,100,5.3138,3.6223,123.314,277.1681,12.06,32.395,32.1429,2.704,-2.858
17,213,329,72,0.1285,0.1819,12.4513,86.9715,0.0138,0.1838,464.0065,3.3889,0,180,167.2765,100,6.9635,7.4193,2.4685,224.6902,11.745,33.145,50,3.1165,-3.0351
24.7,215,331,56,0.0927,0.1454,10.83,88.3885,0,0.1363,1022.4033,29.215,0,180,134.6882,100,7.6472,3.8775,4.9851,755.9825,11.685,31.425,62.963,2.3796,-0.83
27.4,218,0,56,0.0606,0.1306,8.7104,90.2015,0.0719,0.3217,1106.0629,12.8837,13.6703,161.6848,180,93.4431,4.5955,2.3453,99.0611,374.2215,11.785,33.055,57.6923,2.9065,0.2833
32,219,1,56,0.2003,0.2232,7.5457,91.5273,0.0153,0.1335,195.4326,3.8754,0,180,149.0224,95.4531,6.3182,5.9636,158.7479,326.2571,11.515,33.965,65.3846,2.5517,-2.5341
-9.3,222,4,40,0.1025,0.1797,9.5966,88.953,0,0.1104,852.3504,5.3684,0,180,143.6159,92.9958,9.1891,3.7752,1.3324,452.6863,11.5,34.27,84.6154,3.175,-2.7154
26.7,224,6,32,0.1201,0.1882,13.9707,84.1811,0,0.1497,939.6044,49.7642,6.1202,180,141.5213,82.7939,11.6032,4.7333,3.1936,699.2599,11.06,33.47,70.3704,1.4777,-1.8932
16.7,227,9,56,0.0799,0.0765,10.4017,88.9712,0.1886,0.1325,1927.9951,72.8289,16.5627,180,179.3103,47.4247,6.7531,8.1708,169.1307,476.2554,12,32.775,96.1538,0.94,-1.8859
21,228,10,88,0.0863,0.2339,4.0708,94.5601,0.0318,0.3292,223.586,1.9503,0,180,166.7984,76.7938,4.2847,4.9577,13.7938,192.5413,10.91,33.92,29.6296,3.6636,-1.3482
40.8,234,16,56,0.0742,0.2358,5.4749,92.321,0.0038,0.3157,803.1063,164.4383,1.4053,180,171.5197,90.6851,6.1121,6.1647,134.2764,230.5222,12.195,31.16,88.4615,2.3715,-4.2372
34,241,23,48,0.1137,0.5294,7.5331,87.979,0.048,0.6147,1179.4224,55.2316,20.0687,180,169.8974,86.4191,4.7997,4.728,245.7142,371.5305,11.36,30.88,84.6154,3.5577,-1.99
29.1,246,28,72,0.0992,0.2111,5.7194,93.1616,0,0.3716,328.3196,5.7978,1.6546,180,168.5001,100,7.9349,6.1768,67.3425,284.3523,11.355,33.625,53.8462,3.6527,-2.7211
29.6,247,29,56,0.1486,0.0881,11.9517,86.4981,0.6421,0.3137,1180.5011,18.2055,42.0983,179.2456,180,43.3264,4.403,4.149,5.2459,415.3479,12.18,32.7,46.1538,3.0545,-4.59
42,248,30,56,0.2584,0.2363,15.7755,83.3884,0.0941,0.131,1015.4249,10.061,8.107,180,180,89.7484,5.052,5.6733,104.2869,329.6425,11.67,32.365,100,2.8401,-3.6864
23.4,251,33,56,0.0701,0.2358,6.402,92.6444,0.0786,0.3657,900.3035,49.2602,0,180,180,100,3.5059,10.887,121.7483,391.8901,11.86,33.415,81.4815,1.1152,-2.824
30.6,253,35,40,0.088,0.132,12.0277,86.8003,0,0.1697,1562.639,183.8222,6.4353,180,150.0027,100,4.9911,3.1857,31.8717,815.3525,11.38,34.15,88,2.2364,-2.8502
8.8,254,36,48,0.0997,0.1539,7.952,91.413,0,0.0717,590.2452,64.6214,0,180,162.4733,100,5.7703,3.4778,5.2932,586.372,12,29.465,59.2593,2.6873,-3.8511
37.7,1,39,56,0.0269,0.0787,8.0556,91.5069,0.0518,0.1996,506.636,4.1078,1.6867,172.4736,180,100,2.9194,4.7634,64.3792,291.151,11.82,32.525,73.0769,2.7272,-3.3929
3,3,41,56,0.0546,0.1711,9.1396,89.1152,0.0091,0.182,599.315,6.5427,0,180,169.703,100,6.4704,4.1085,227.5314,234.3376,11.35,34.15,61.5385,1.4518,-2.7468
40.6,4,42,48,0.0551,0.1019,8.3191,91.0296,0.2137,0.1202,1540.0134,11.2909,5.6992,180,180,91.1033,5.5417,10.6452,115.3107,439.263,11.6,34.21,100,2.2309,-5.4041
38.7,6,44,56,0.1768,0.1508,7.8978,91.6536,0,0.0205,302.3934,0.2794,0,180,156.5365,100,6.4383,2.8893,110.5535,272.3413,11.485,34.5,65.3846,2.1904,-3.2365
18.7,7,45,56,0.0694,0.197,7.4794,91.8076,0.0131,0.3152,507.6134,6.668,3.2813,180,180,100,4.5839,3.7622,157.4931,362.2903,11.66,33.435,50,1.7627,-2.7971
28.1,8,46,56,0.0427,0.1226,7.1922,91.706,0.0111,0.3326,261.6976,4.7644,15.6946,180,173.6824,90.0586,3.9612,2.9712,163.2345,309.0649,11.385,32.355,18.5185,2.593,-1.9791
7.8,10,48,40,0.1029,0.1498,9.5278,89.2483,0.0363,0.1422,1039.178,3.7633,1.344,180,168.0429,78.3312,6.2709,7.6044,163.6779,410.5392,10.95,34.03,19.2308,3.0096,-1.8921
-4.4,12,50,40,0.0612,0.215,9.536,88.5186,0.1926,0.3449,1274.0951,0,1.099,180,180,100,5.6891,7.2041,197.738,525.2285,10.75,34.325,81.4815,3.1604,-3.4571
9.3,17,55,56,0.1433,0.2412,8.6132,90.1027,0.0163,0.3555,496.9613,19.5302,1.671,180,160.6319,100,8.6554,3.7913,211.5695,355.4751,11.415,32.515,73.0769,1.1576,-2.8865
20.2,24,62,48,0.1276,0.2249,15.6171,83.5773,0.1393,0.1561,857.5474,16.4946,4.0469,180,180,81.24,6.6609,5.5757,152.2512,410.6599,11.75,33.97,81.4815,3.2681,-2.5336
31.3,31,69,36,0.2481,0.3172,11.202,87.3502,0.0165,0.1383,1134.3624,7.5912,1.3334,180,180,95.203,8.5182,7.0919,246.7596,501.1369,11.005,35.39,100,3.9974,-5.4536
29.1,33,71,56,0.0786,0.2209,9.1425,89.0942,0.1834,0.5073,235.993,0,0,180,172.7785,100,4.7168,4.2424,216.758,366.4044,11.65,33.45,44.4444,2.0925,0.8544
34.1,35,73,56,0.0772,0.224,8.1285,87.5777,0.1657,1.41,662.5612,95.6015,16.759,180,170.9074,94.7069,5.6514,4.7529,254.4047,291.009,12.315,28.555,59.2593,1.7364,-2.046
9.2,41,79,56,0.0806,0.3111,7.4406,90.867,0.0037,0.3542,608.6229,22.81,13.9556,180,180,91.0119,3.9786,5.2558,7.7912,267.5416,11.435,31.71,66.6667,2.3778,-3.1006
50.2,54,92,40,0.0679,0.1344,10.3196,88.7866,0.1027,0.2536,959.4363,32.8077,0.2706,180,180,90.0348,6.6868,12.4015,191.9514,468.9301,11.93,33.68,74.0741,2.9878,-4.6215
50.1,56,94,48,0.2226,0.2013,10.9659,87.9085,0.0303,0.2903,1085.5579,74.7248,0,180,152.239,81.7248,6.6463,5.5347,214.9306,401.8484,12.62,31.295,96.4286,1.2337,-4.9931
8.1,62,100,56,0.0879,0.1667,9.908,88.826,0,0.1832,736.1263,24.7042,20.3962,180,144.9837,100,13.2535,6.3322,230.177,499.0908,11.595,31.59,50,2.6117,-2.6346
35.2,63,101,48,0.1585,0.3885,12.0661,86.3628,0.0273,0.2437,886.1538,7.6085,2.7187,166.099,165.2955,94.3239,4.7121,3.9281,194.012,344.7484,10.87,34.54,73.0769,3.6461,-1.3658
22,66,104,56,0.2223,0.2871,12.2388,86.8981,0.0352,0.1482,780.7602,9.8017,0.8401,180,180,100,3.6211,5.3219,113.3499,339.6328,11.92,33.115,80.7692,4.4582,-4.4834
20.5,74,112,56,0.0938,0.165,6.9269,90.638,0.0035,0.2519,720.2687,2.778,6.2701,180,180,100,5.3376,5.9031,110.1031,380.8482,11.69,32.755,55.5556,2.5972,0.0279
-12.6,76,114,40,0.0777,0.157,10.5196,88.4429,0.0356,0.1343,1362.2882,106.4108,0,180,147.7847,38.6497,6.9219,3.8638,2.1457,594.1329,11.69,31.835,84.6154,3.7255,-0.7207
30.4,77,115,56,0.0457,0.2364,7.2246,91.1962,0,0.4688,313.9943,4.9788,14.8108,163.0324,180,94.7498,3.5098,4.1257,153.9802,278.994,10.84,34.6,34.6154,4.7769,-1.2134
34.2,78,116,72,0.0427,0.1525,4.7637,92.7232,0,0.2989,291.2097,8.2409,0,180,173.679,92.9233,3.9805,2.5187,108.0776,225.6726,11.39,31.785,53.8462,4.3062,-4.6666
14.5,81,119,48,0.0555,0.1463,6.5662,92.2904,0,0.1076,799.0931,26.0395,9.0861,180,157.3856,93.9515,6.4566,3.8028,5.1641,690.7617,11.365,34.37,84.6154,3.1385,-4.5953
26.5,82,120,48,0.0957,0.1845,8.4569,90.3993,0.0104,0.0749,1242.6804,102.6001,9.4706,180,152.4921,94.4471,6.8166,1.7452,2.434,447.9805,11.67,32.315,74.0741,4.7509,-4.0455
23.7,83,121,56,0.1326,0.2938,7.7678,91.3938,0.034,0.1702,822.6099,5.493,6.5477,180,166.0275,100,6.7379,3.7989,93.54,291.9428,11.34,33.73,80.7692,2.4588,-5.3903
23.6,85,123,72,0.0936,0.1501,6.6602,92.6752,0.1092,0.1735,388.95,5.9322,0,180,180,100,3.542,8.4481,74.492,268.8227,12.065,32.235,37.037,3.2647,-5.1634
30.7,89,127,72,0.0971,0.304,4.8408,94.0403,0.0106,0.2132,679.3004,33.517,0,180,180,100,6.3897,3.3907,58.4347,233.5089,11.41,33.395,30.7692,2.9391,-4.5791
2.3,90,128,48,0.1013,0.3296,11.891,86.9085,0.0792,0.3222,804.5313,86.7381,0.278,163.4304,173.2931,100,7.8346,2.9072,27.7297,413.3048,11.155,33.465,61.5385,3.1963,-2.6226
16.5,95,133,72,0.0732,0.178,7.0345,92.374,0.0079,0.1583,601.0356,34.5891,0,172.6052,167.9731,91.8512,4.6972,2.8628,214.5895,291.5179,11.825,33.41,100,1.6235,-2.4457
-42.8,96,134,40,0.1321,0.0918,10.2646,88.9751,0.1208,0.2239,945.448,104.4816,4.1309,180,160.3179,100,5.8004,5.7086,242.1742,244.251,11.875,33.155,59.2593,1.8804,-0.8262
29,97,135,56,0.1965,0.3313,9.7658,88.4564,0.0944,0.3852,1308.7111,160.0517,23.7411,170.2251,175.2458,100,4.3854,2.3172,1.6329,548.8601,11.955,33.54,30.7692,3.4495,-4.2911
22.9,98,136,48,0.0369,0.2013,6.4636,92.4781,0.1191,0.379,1198.293,20.7688,3.6297,180,180,84.0899,6.2962,6.5105,235.3224,314.4835,11.505,33.015,89.2857,3.7204,-4.1044
24.8,101,139,56,0.0303,0.1143,6.4616,92.4777,0.1715,0.3681,628.6326,16.0167,7.8237,180,180,100,5.8513,7.0676,262.4218,449.9508,11.68,33.85,46.1538,1.4947,-4.1032
14.5,102,140,48,0.2463,0.2284,14.5199,83.9057,0.3067,0.2007,1005.0054,23.7565,49.7007,162.628,180,1.1454,3.4434,3.2176,113.8371,545.6514,11.19,34.575,53.8462,4.5719,-1.2955
27.2,104,142,48,0.0379,0.0982,7.8692,91.142,0.0103,0.2653,409.0895,7.7829,0,180,172.8836,94.1049,6.2758,4.9185,145.8547,526.8591,11.1,34.145,85.1852,2.9443,-0.6872
6.3,106,144,88,0.2325,0.213,7.0735,92.2311,0.0304,0.0869,393.7785,0.2786,0,180,167.0132,100,3.7284,11.4581,63.2474,278.3972,11.585,34.01,26.9231,5.1054,-0.9948
39.7,109,147,40,0.0683,0.1433,13.2056,85.8197,0,0.135,922.8828,116.8746,5.5471,180,151.341,100,9.8267,3.905,72.5718,411.3343,11.175,32.21,61.5385,1.9787,-3.4114
36.2,111,149,56,0.1762,0.1762,10.9701,88.0223,0,0.0801,1044.0571,87.468,2.448,180,173.3704,100,6.702,2.6728,110.0421,173.3943,11.78,32.03,69.2308,3.2023,-1.6097
-12.5,118,156,40,0.291,0.2338,11.7122,86.125,0,0.0763,1229.1167,129.2833,11.2652,180,169.7894,100,3.0956,3.9874,232.4769,272.5231,10.89,33.68,81.4815,1.9681,-3.2719
26.7,172,210,40,0.2587,0.3603,12.3539,85.2332,0.0847,0.4127,888.9467,21.8439,1.3757,180,180,93.4471,5.0237,6.8653,237.4406,539.2415,10.92,33.06,42.8571,0.1586,1.33
19.9,174,212,72,0.1111,0.2806,7.7764,91.2864,0.1403,0.2104,692.7069,7.0222,0.8254,180,180,91.3708,4.9548,10.1987,84.8167,314.3149,11.815,32.84,64,3.0697,-2.3096
22.4,178,216,180,0.2634,0.5823,13.7352,83.9392,0.345,0.5156,160.254,16.6889,0,180,147.7978,100,6.5428,3.8995,153.6515,201.3122,12.455,31.435,40,4.0823,-3.6878
39.4,181,219,48,0.0449,0.168,8.1996,90.3049,0.1098,0.6138,2240.7163,134.0214,2.7374,180,169.5232,92.5434,6.4647,8.1935,269.0605,536.8771,11.63,33.3,96.4286,4.3867,-3.6641
9.3,182,220,48,0.1153,0.2388,8.6947,90.5418,0.0487,0.156,1015.6152,47.5387,11.3041,180,163.3006,92.4725,5.1346,5.1495,91.764,569.8829,11.52,33.46,70.3704,5.2512,-1.9109
25.2,184,222,56,0.1182,0.1711,9.5343,88.206,0.4516,0.1817,1056.9855,66.6116,21.2418,180,154.3865,100,6.1565,1.89,1.3919,510.7597,11.69,32.775,77.7778,3.7107,-4.4815
31.2,186,224,56,0.0612,0.2886,9.6485,88.9629,0.0997,0.4092,1006.4495,38.2377,0,180,180,89.9176,5.0418,7.839,177.8031,386.5202,11.24,33.82,48,5.2695,-4.1064
8.8,190,228,56,0.0431,0.1743,7.0047,91.5114,0,0.1653,545.2077,41.2511,0,180,166.6237,91.7894,6.9415,3.742,94.0418,216.9023,11.29,30.825,84.6154,4.1068,-4.2636
26.4,212,250,36,0.3117,0.2918,15.0697,83.5628,0,0.081,1754.993,75.9863,26.5189,180,165.4076,94.2025,11.7216,8.3706,1.3353,728.8566,11.8,32.56,96,1.9957,-1.996
18.4,251,289,40,0.1167,0.3691,11.3928,87.5487,0.1073,0.2745,1364.0925,117.7837,10.475,180,180,100,5.1624,4.9089,205.2017,474.556,11.675,35.65,100,3.202,-2.754
29.2,252,290,56,0.2025,0.3284,10.2908,88.7585,0.0876,0.1733,1076.3079,95.7857,2.9947,180,163.3929,100,4.1238,8.0671,151.5693,332.2721,11.855,33.875,66.6667,2.4954,-2.0883
-9.3,255,293,40,0.0825,0.2047,9.2928,88.1249,0.1651,0.2095,1406.948,197.9485,21.4108,180,166.9594,100,5.4469,3.422,2.1932,467.4175,11.48,31.91,100,3.695,-0.5743
21.3,1,295,88,0.084,0.2997,4.0297,92.7624,0.0114,0.4245,202.2474,6.3853,0,180,180,89.4941,4.1343,6.2256,3.5804,271.3224,11.215,33.95,34.6154,2.7378,-3.113
32.4,3,297,48,0.1534,0.2569,8.8973,90.3634,0.0055,0.1109,778.9731,29.0172,21.043,180,167.0426,76.9883,6.3759,6.8229,159.908,323.7802,11.315,33.005,69.2308,3.1997,-1.816
31.4,7,301,48,0.1217,0.4029,9.0532,89.7348,0.0394,0.2126,609.9237,23.305,8.1297,180,180,92.3456,4.2702,5.2872,196.3798,371.096,11.245,34.18,34.6154,3.5442,-1.2805
16.4,8,302,40,0.2147,0.2474,9.3711,86.6111,0.0229,0.2228,818.666,106.5387,1.614,180,138.3655,94.1388,4.6499,4.2285,1.614,708.3338,11.72,32.45,88.4615,4.6681,-3.3657
17.1,15,309,56,0.0544,0.1275,9.7114,88.4772,0.0563,0.4125,503.1469,65.38,4.6449,180,141.5899,86.2816,7.5789,3.139,35.4919,479.9233,12.445,29.725,73.0769,2.7912,-0.7368
4.3,16,310,72,0.0852,0.1685,8.0737,90.2983,0.0379,0.3919,454.3324,32.0641,0,180,157.0776,100,5.8974,4.8415,156.1049,351.336,11.355,32.12,55.5556,2.3663,-0.7294
36.3,19,313,48,0.1953,0.2467,11.4106,86.1292,0.1165,0.3666,1227.7661,104.9964,16.3087,180,179.5602,100,7.0639,2.7377,1.3817,535.1415,11.18,33.63,80.7692,3.0186,-0.903
31.7,27,321,56,0.1272,0.1769,10.9381,88.3247,0,0.0829,792.7136,37.1743,21.1379,180,138.3661,94.267,5.0638,2.4683,8.6781,589.2945,11.4,35.19,61.5385,2.3964,-3.8293
-0.7,28,322,56,0.0597,0.3232,7.5022,90.8835,0.0913,0.404,674.1205,14.3401,4.6591,180,180,64.758,8.0503,6.5832,124.5876,545.3367,11.545,33.995,61.5385,3.2364,-2.2107
26,34,328,48,0.2894,0.4499,10.6482,87.7076,0.0468,0.2191,1039.7961,1.642,1.1012,157.2008,180,94.3478,4.3648,5.6677,219.6047,452.892,10.94,33.18,38.4615,3.1433,-1.9877
20,38,332,56,0.0612,0.1741,14.1644,82.8095,0,0.4591,1054.8179,213.4373,13.1808,180,167.601,75.9085,5.5928,2.7987,2.1908,503.086,12.125,29.24,59.2593,3.556,-1.822
44.9,45,5,56,0.2733,0.5202,10.942,87.1799,0.1305,0.3227,484.2107,24.5464,10.9293,180,180,100,5.5261,6.0613,131.1052,533.1328,11.58,33.46,55.5556,3.3169,0.2235
29.7,49,9,40,0.0839,0.2082,10.0359,87.8444,0,0.4445,1253.6685,141.0269,2.4087,180,151.6765,100,3.3322,2.833,2.9568,513.3946,11.76,33.23,65.3846,2.1864,-0.4717
45,74,34,56,0.2209,0.3681,9.4282,89.1049,0,0.1227,1026.8496,27.5079,1.084,180,170.6823,100,10.5423,5.9637,58.1646,804.5609,11.42,35.495,100,1.9072,-3.2916
