Batch Information,,,,,,,,,,,,,,,,,,,,,,,,,,,,,,,,,,,,,,,,,,,,,,,,,,,,,,,,,,,,,
EventTime,SizerBatchId,GrowerCode,GrowerName,BatchName,StartTime,EventTime,Name,SizerId,BatchId,DensityMode,,,,,,,,,,,,,,,,,,,,,,,,,,,,,,,,,,,,,,,,,,,,,,,,,,,
11/14/2017 20:14,878,P 98,Glen Wright,13_10,11/14/2017 12:12,11/14/2017 20:14,#28 Pro 98 Lemons,28,878,Disabled,,,,,,,,,,,,,,,,,,,,,,,,,,,,,,,,,,,,,,,,,,,,,,,,,,,
,,,,,,,,,,,,,,,,,,,,,,,,,,,,,,,,,,,,,,,,,,,,,,,,,,,,,,,,,,,,,
Fruit,,,,,,,,,,,,,,,,,,,,,,,,,,,,,,,,,,,,,,,,,,,,,,,,,,,,,,,,,,,,,
EventTime,Cup,Lane,Weight,LR_Diff,DownWeight,UpWeight,GradeValue,MajorDiameter,MinorDiameter,Volume,VisionGrade,Grade,SizerSize,SizerGrade,SizerQuality,RodPulse,RodIndex,BatchId,SizeName,GradeName,QualityName,InternalQuality1,InternalQuality2,InternalQuality3,InternalQuality4,InternalQuality5,InternalQuality6,InternalQuality7,InternalQuality8,CupWeight,FruitLength,Subkey,Provider,Offset,Grade,Lane,Dark Yellow,Yellow,Light Yellow,Light Green,Green,Dark Green,Scar,Start of Batch,Conveyor,Texture,Smoothness,Roundness,Vertical Diameter Stability,Stem Area,Curvature,Flatness,Lemon (Dark Yellow +),2nd Color Variation (Dark Yellow +),Major Diameter (mm),Minor Diameter (mm),Volume (ml),Cyclic Rod Number,Trip Rod,Fruit Center X (mm),Fruit Center Y (mm)
11/14/2017 20:14,779,1,143.5,31,56.25,87.25,0,71.6,72.1,191.7,7,H,11,8,1,21,301,878,75,H St,Q1,0,0,0,0,0,0,0,0,230.5,1,0,1,28,H,1,0.0526,0.7687,0.0038,0.1109,0,0,0,99.0546,0,7760.8374,100,96.7239,20.5605,0,7.4822,3.1577,136.6192,23.6776,71.6192,72.1237,191.6954,249,126191,3.0858,-3.7031
11/14/2017 20:15,164,1,96.8,21.7,37.55,59.25,0,54.6,54.6,105.5,0,A,7,1,1,130,332,878,165,A,Q1,0,0,0,0,0,0,0,0,230.7,1,0,1,28,A,1,0,10.3464,1.5474,87.47,0,0,0,0.6281,0,241.9722,100,75.2144,3.0901,73.5777,3.7545,6.4725,61.8676,13.8901,54.5878,54.6222,105.5388,102,126556,2.5147,-2.4397
11/14/2017 20:15,165,1,138.9,24.5,57.2,81.7,0,61.9,61.9,153.1,0,A,9,1,1,131,333,878,115,A,Q1,0,0,0,0,0,0,0,0,230.6,1,0,1,28,A,1,0,4.2616,6.1472,89.5503,0.0266,0,0,0.0123,0,1581.6611,100,74.3316,0.9499,68.9585,2.8028,5.9936,69.4356,27.8659,61.8746,61.9207,153.0724,103,126557,3.5715,-4.0138
11/14/2017 20:15,168,1,128.9,23.2,52.85,76.05,0,60.8,65.9,137,0,A,10,1,1,134,2,878,95,A,Q1,0,0,0,0,0,0,0,0,231.9,1,0,1,28,A,1,0,7.3626,0,92.272,0.0351,0,0,0.3233,0,703.2965,100,82.412,3.4879,0,4.5776,5.4829,66.9991,9.4834,60.8299,65.9468,136.9782,106,126560,3.8368,-3.8946
11/14/2017 20:15,169,1,104.4,31.7,36.35,68.05,0,56.4,56.6,113.6,0,A,8,1,1,135,3,878,140,A,Q1,0,0,0,0,0,0,0,0,230.9,1,0,1,28,A,1,0,4.0019,0.6952,95.2028,0.041,0,0,0.0487,0,185.6841,100,76.0568,2.9549,77.4056,4.7157,8.5333,42.7732,20.6962,56.4053,56.5572,113.6352,107,126561,4.8067,-3.7557
11/14/2017 20:15,171,1,95.5,22.3,36.6,58.9,0,53.3,53.3,98,0,A,7,1,1,137,5,878,165,A,Q1,0,0,0,0,0,0,0,0,230,1,0,1,28,A,1,0,0.5428,0,99.4431,0.0056,0,0,0,0,200.4962,87.3319,74.583,1.3258,67.1268,4.029,6.5241,26.3059,7.2537,53.3114,53.3383,97.9811,109,126563,3.3109,-2.8545
11/14/2017 20:15,177,1,126.4,17.7,54.35,72.05,0,58.7,58.8,133.5,0,A,8,1,1,143,11,878,140,A,Q1,0,0,0,0,0,0,0,0,230.5,1,0,1,28,A,1,0,10.4687,4.7835,84.4256,0,0,0.0022,0.3132,0,464.1639,100,73.8901,1.0039,69.7512,3.0908,4.9246,70.3829,10.6439,58.6722,58.7689,133.5113,115,126569,1.4528,-1.8522
11/14/2017 20:15,178,1,136.4,17.2,59.6,76.8,0,61.3,61.4,153,0,A,9,1,1,144,12,878,115,A,Q1,0,0,0,0,0,0,0,0,230.4,1,0,1,28,A,1,0,21.6093,0.0399,78.0898,0.006,0,0.012,0.2351,0,1116.3391,100,71.9774,1.6782,105.169,2.4371,3.9238,99.0028,13.7837,61.3259,61.4423,153.0018,116,126570,2.299,-3.2902
11/14/2017 20:15,184,1,140.9,31.3,54.8,86.1,0,61.3,61.3,152.1,0,A,9,1,1,150,18,878,115,A,Q1,0,0,0,0,0,0,0,0,230.4,1,0,1,28,A,1,0,4.5923,0.2358,94.6582,0.0337,0,0,0.4759,0,596.5002,100,73.9904,1.8526,47.2133,3.2646,7.2665,40.1196,17.9831,61.3039,61.333,152.1403,122,126576,3.5928,-2.4216
11/14/2017 20:15,186,1,94.2,23,35.6,58.6,0,52.5,52.5,97.4,0,A,6,1,1,152,20,878,200,A,Q1,0,0,0,0,0,0,0,0,232,1,0,1,28,A,1,0,3.6168,0,96.3574,0.0115,0,0,0.0086,0,268.6511,100,75.6828,3.3297,47.4962,3.2091,6.1316,38.0249,8.2235,52.4887,52.5108,97.4232,124,126578,4.3121,-2.0505
11/14/2017 20:15,187,1,102.8,7.2,47.8,55,0,56.3,56.7,112.1,0,A,8,1,1,153,21,878,140,A,Q1,0,0,0,0,0,0,0,0,230.2,1,0,1,28,A,1,0,41.9837,0.408,57.4681,0.0153,0,0.0051,0.1147,0,909.8848,100,77.3164,1.8039,69.2161,3.345,7.8891,116.7853,16.2968,56.2662,56.724,112.1482,125,126579,3.6661,-2.0284
11/14/2017 20:15,188,1,123.8,29.6,47.1,76.7,0,59,59.1,134.4,0,A,8,1,1,154,22,878,140,A,Q1,0,0,0,0,0,0,0,0,230.6,1,0,1,28,A,1,0,1.4655,0.0114,98.4432,0.016,0,0,0.0593,0,608.9403,91.4308,75.3771,2.1935,72.3464,5.8729,7.6448,44.7511,14.3386,58.9537,59.1203,134.4381,126,126580,4.0445,-2.0306
11/14/2017 20:15,192,1,177.4,27.4,75,102.4,0,69.1,69.8,192.7,0,A,11,1,1,158,26,878,75,A,Q1,0,0,0,0,0,0,0,0,230,1,0,1,28,A,1,0,2.871,0,97.0962,0.0237,0,0,0.0036,0,2559.8552,72.7412,86.4866,4.4164,55.7632,6.2608,3.8229,47.5153,7.9948,69.1213,69.7996,192.7443,130,126584,2.2636,-3.6046
11/14/2017 20:15,194,1,118.4,12.3,53.05,65.35,0,57.3,57.4,130.2,0,A,8,1,1,160,28,878,140,A,Q1,0,0,0,0,0,0,0,0,230.5,1,0,1,28,A,1,0,8.3719,5.645,84.8223,0.0069,0,0,1.1516,0,491.7956,100,72.8869,1.4291,65.8984,2.4947,4.4842,69.4797,18.9225,57.3396,57.4491,130.1962,132,126586,2.8205,-1.2687
11/14/2017 20:15,195,1,84.8,21,31.9,52.9,0,51.7,51.8,89.8,0,A,6,1,1,161,29,878,200,A,Q1,0,0,0,0,0,0,0,0,231.4,1,0,1,28,A,1,0,3.5659,0,96.2864,0,0,0,0.1446,0,134.5804,100,77.749,2.0161,66.7358,3.5497,5.272,30.6238,6.633,51.7322,51.8093,89.828,133,126587,3.8729,-0.7207
11/14/2017 20:15,196,1,127.9,21.9,53,74.9,0,59.9,59.9,136.3,0,A,9,1,1,162,30,878,115,A,Q1,0,0,0,0,0,0,0,0,230.6,1,0,1,28,A,1,0,5.7953,6.869,87.2475,0.0186,0,0,0.0649,0,311.7502,100,78.9909,1.7311,53.4673,2.632,8.6477,61.1053,26.8757,59.8742,59.9089,136.2792,134,126588,4.4739,-1.9213
11/14/2017 20:15,198,1,176,10.8,82.6,93.4,0,66.3,66.5,199.6,0,A,10,1,1,164,32,878,95,A,Q1,0,0,0,0,0,0,0,0,230.6,1,0,1,28,A,1,0,0.3096,0,99.5933,0.0971,0,0,0,0,2297.3892,75.1012,71.3422,1.1863,82.1881,3.4749,3.8657,31.3174,10.1234,66.3284,66.5023,199.5562,136,126590,2.6423,1.0533
11/14/2017 20:15,200,1,125.1,23.8,50.65,74.45,0,58.8,58.9,135.6,0,A,8,1,1,166,34,878,140,A,Q1,0,0,0,0,0,0,0,0,230.3,1,0,1,28,A,1,0,5.9993,0.2733,93.5722,0.0087,0,0,0.1377,0,1180.1653,87.3384,72.4644,1.8961,117.1576,2.629,5.2477,71.4858,8.4625,58.8257,58.8676,135.5805,138,126592,2.568,-3.6048
11/14/2017 20:15,201,1,151.9,21.3,65.3,86.6,0,63.1,63.1,169.7,0,A,9,1,1,167,35,878,115,A,Q1,0,0,0,0,0,0,0,0,230.4,1,0,1,28,A,1,0,10.0752,0,89.801,0.0166,0,0.085,0.0166,0,2698.4192,88.6632,70.5422,1.0065,124.0146,2.8408,5.9025,78.3753,11.7456,63.0862,63.113,169.6722,139,126593,3.2058,-2.0519
11/14/2017 20:15,202,1,117.1,24.9,46.1,71,0,58.4,58.5,126.3,0,A,8,1,1,168,36,878,140,A,Q1,0,0,0,0,0,0,0,0,230.6,1,0,1,28,A,1,0,10.2211,9.7156,79.5673,0.0048,0,0,0.484,0,923.6807,100,77.7077,1.8357,81.1143,3.4336,4.3349,86.7787,16.401,58.3972,58.4941,126.3094,140,126594,4.1663,-1.3344
11/14/2017 20:15,203,1,130.2,23.2,53.5,76.7,0,59.6,59.7,142.9,0,A,9,1,1,169,37,878,115,A,Q1,0,0,0,0,0,0,0,0,230.6,1,0,1,28,A,1,0,6.6154,0.0319,93.1232,0.017,0,0,0.2062,0,1235.1539,88.0585,71.7378,1.5084,93.7305,3.3024,4.0954,67.3983,9.2372,59.6448,59.6823,142.9336,141,126595,4.4997,-3.2026
11/14/2017 20:15,204,1,111.1,12.5,49.3,61.8,0,57.9,58,122.1,0,A,8,1,1,170,38,878,140,A,Q1,0,0,0,0,0,0,0,0,230,1,0,1,28,A,1,0,8.6209,0,91.3525,0.0121,0,0.0121,0,0,654.5458,100,75.9145,1.5209,68.4038,3.1392,5.2562,80.3464,9.062,57.935,57.9612,122.1468,142,126596,3.4767,-1.8543
11/14/2017 20:15,205,1,111.4,19.8,45.8,65.6,0,56.5,56.6,122,0,A,8,1,1,171,39,878,140,A,Q1,0,0,0,0,0,0,0,0,230,1,0,1,28,A,1,0,4.5722,0.7387,94.6368,0.0428,0,0,0.0071,0,679.8781,92.1879,71.6038,2.2418,76.7986,3.2256,4.7628,61.2946,9.334,56.498,56.5576,121.996,143,126597,2.9555,-1.5244
11/14/2017 20:15,206,1,83.4,-1.7,42.55,40.85,0,51.9,52.7,84.7,0,A,7,1,1,172,40,878,165,A,Q1,0,0,0,0,0,0,0,0,230.1,1,0,1,28,A,1,0,0.3938,0,99.5582,0.0256,0,0,0.016,0,86.5846,100,81.7247,1.6162,35.0436,4.1678,6.8275,16.5622,7.3308,51.947,52.7063,84.6512,144,126598,1.8599,-1.5845
11/14/2017 20:15,207,1,118.9,-4.1,61.5,57.4,0,58.3,58.6,127.1,0,A,8,1,1,173,41,878,140,A,Q1,0,0,0,0,0,0,0,0,230.4,1,0,1,28,A,1,0,9.2396,6.2506,83.5294,0.012,0,0,0.9637,0,463.9997,100,77.9855,2.5382,86.7692,3.8897,5.7069,67.7062,31,58.3402,58.5807,127.1429,145,126599,2.7167,-0.4769
11/14/2017 20:15,209,1,128.3,-10.1,69.2,59.1,0,59.7,59.7,141.3,0,A,9,1,1,175,43,878,115,A,Q1,0,0,0,0,0,0,0,0,231,1,0,1,28,A,1,0,9.3226,6.098,83.9714,0.0022,0,0,0.5993,0,455.8874,100,75.4757,2.0061,79.0144,3.0722,4.0339,69.5881,16.8428,59.6957,59.7104,141.3204,147,126601,3.0181,-2.5779
11/14/2017 20:15,210,1,114,24.4,44.8,69.2,0,59.3,59.4,126.2,0,A,9,1,1,176,44,878,115,A,Q1,0,0,0,0,0,0,0,0,230.6,1,0,1,28,A,1,0,11.1837,18.9946,68.7394,0.0345,0,0,1.0405,0,612.8132,100,83.2333,2.4774,40.7373,2.7277,3.4218,86.2856,23.4885,59.294,59.407,126.1703,148,126602,2.9439,-4.4164
11/14/2017 20:15,211,1,102,23.2,39.4,62.6,0,54.8,55,110.4,0,A,7,1,1,177,45,878,165,A,Q1,0,0,0,0,0,0,0,0,230.4,1,0,1,28,A,1,0,1.8491,0.0877,97.9357,0.0877,0,0.0106,0.0239,0,308.1277,93.3447,76.2554,2.4908,77.6356,5.3302,3.9132,52.3632,11.7819,54.7578,55.0171,110.3551,149,126603,2.779,-2.583
11/14/2017 20:15,215,1,142.4,10.5,65.95,76.45,0,62.8,62.9,158.7,0,A,9,1,1,181,49,878,115,A,Q1,0,0,0,0,0,0,0,0,230.7,1,0,1,28,A,1,0.002,52.0589,0.004,47.5085,0.01,0,0.012,0.4006,0,1332.2012,100,74.1755,1.2284,102.2366,3.0914,6.4383,129.7599,10.8871,62.7691,62.8679,158.7435,153,126607,2.884,0.1374
11/14/2017 20:15,216,1,154.3,15,69.65,84.65,0,64.9,64.9,174.1,0,A,10,1,1,182,50,878,95,A,Q1,0,0,0,0,0,0,0,0,230.7,1,0,1,28,A,1,0,36.7562,9.6865,53.2878,0.0243,0,0.0075,0.2321,0,2912.2815,94.5094,76.5729,1.4616,91.7245,2.8791,3.2937,117.7162,27.4269,64.8991,64.9159,174.0548,154,126608,1.705,-1.2997
11/14/2017 20:15,217,1,142.1,30.2,55.95,86.15,0,62.5,62.5,152.1,0,A,9,1,1,183,51,878,115,A,Q1,0,0,0,0,0,0,0,0,230.7,1,0,1,28,A,1,0,13.1325,0.3941,86.376,0.0445,0,0,0.0466,0,793.5859,100,78.3632,1.91,60.0526,2.5332,5.1052,82.9026,9.4768,62.4682,62.4809,152.0854,155,126609,2.1458,-2.0551
11/14/2017 20:15,220,1,180.6,11.7,84.45,96.15,0,64.6,64.7,195.1,0,A,10,1,1,186,54,878,95,A,Q1,0,0,0,0,0,0,0,0,230.5,1,0,1,28,A,1,0,41.0536,0.0172,58.8313,0.0911,0,0,0.0017,0,2211.0144,93.7072,68.637,1.1971,113.336,2.4178,3.5434,117.0571,10.7746,64.6219,64.6969,195.1456,158,126612,4.045,-0.7171
11/14/2017 20:15,222,1,102.9,9.4,46.75,56.15,0,55.2,55.3,109.5,0,A,7,1,1,188,56,878,165,A,Q1,0,0,0,0,0,0,0,0,231.3,1,0,1,28,A,1,0,6.7566,2.6723,89.9723,0.0575,0,0,0.5334,0,137.8346,100,75.1812,2.0912,62.4511,4.2315,5.4718,64.5369,11.763,55.2477,55.3091,109.4687,160,126614,3.3203,-2.5016
11/14/2017 20:15,223,1,137.2,17.9,59.65,77.55,0,61.8,62.1,150.5,0,A,9,1,1,189,57,878,115,A,Q1,0,0,0,0,0,0,0,0,231.9,1,0,1,28,A,1,0,7.038,0.3084,92.5993,0.0239,0,0,0.0282,0,386.7725,87.5515,80.6626,2.0795,49.1291,3.3857,3.0749,63.4996,8.7956,61.7952,62.0556,150.4697,161,126615,4.3497,-2.6966
11/14/2017 20:15,225,1,122.8,31.7,45.55,77.25,0,59.6,59.7,130.7,0,A,9,1,1,191,59,878,115,A,Q1,0,0,0,0,0,0,0,0,230.5,1,0,1,28,A,1,0.0702,69.686,0.2458,29.5531,0.0047,0,0,0.4378,0,1063.1699,100,77.0718,1.4024,81.9317,3.2351,6.6446,137.7193,14.1126,59.633,59.6979,130.7426,163,126617,3.4812,-3.4091
11/14/2017 20:15,227,1,132.3,23.8,54.25,78.05,0,61.1,61.2,147.2,0,A,9,1,1,193,61,878,115,A,Q1,0,0,0,0,0,0,0,0,231.5,1,0,1,28,A,1,0,7.7099,3.0982,88.909,0.0237,0,0,0.2548,0,663.3792,100,76.4984,2.5844,31.5839,3.8195,5.2177,64.7238,25.0392,61.0875,61.198,147.2192,165,126619,2.8525,-3.1815
11/14/2017 20:15,232,1,92.3,18.7,36.8,55.5,0,53.5,53.5,96.9,0,A,7,1,1,198,66,878,165,A,Q1,0,0,0,0,0,0,0,0,230.6,1,0,1,28,A,1,0,6.7681,0.962,91.7818,0.0086,0,0,0.4795,0,236.8348,100,77.878,1.6916,58.6606,2.5931,7.2159,56.0132,14.9148,53.4846,53.5269,96.853,170,126624,2.7957,-1.8348
11/14/2017 20:15,237,1,137.8,24.9,56.45,81.35,0,61.1,61.1,155.2,0,A,9,1,1,203,71,878,115,A,Q1,0,0,0,0,0,0,0,0,230.7,1,0,1,28,A,1,0,1.9111,0,98.0373,0.033,0,0,0.0144,0,767.435,100,72.6654,1.7173,75.8602,2.725,5.6257,40.4526,7.4629,61.0857,61.1198,155.1785,175,126629,5.1379,-1.8275
11/14/2017 20:15,238,1,143.3,23.2,60.05,83.25,0,62.2,62.2,156.9,0,A,9,1,1,204,72,878,115,A,Q1,0,0,0,0,0,0,0,0,230.5,1,0,1,28,A,1,0,52.2385,3.8567,43.8361,0.0222,0,0.004,0.0384,0,2005.4768,79.1104,73.6779,1.5787,101.1897,2.8985,7.3215,128.0389,10.9244,62.2114,62.2455,156.9119,176,126630,4.9443,-2.1338
11/14/2017 20:15,240,1,105.9,25.4,40.25,65.65,0,55.4,55.4,115.6,0,A,7,1,1,206,74,878,165,A,Q1,0,0,0,0,0,0,0,0,231.3,1,0,1,28,A,1,0,1.8457,1.9665,95.9184,0.0453,0,0,0.2191,0,392.4336,100,72.2671,1.7967,80.8579,3.2351,4.5514,56.3988,10.6308,55.3847,55.4387,115.6213,178,126632,2.5801,-3.1786
11/14/2017 20:15,241,1,98.5,24.7,36.9,61.6,0,53.8,53.9,106.8,0,A,7,1,1,207,75,878,165,A,Q1,0,0,0,0,0,0,0,0,230.4,1,0,1,28,A,1,0,8.1897,7.9885,83.5136,0.0209,0,0,0.2821,0,242.4791,100,70.4703,0.9389,94.7357,2.607,5.4383,75.0628,17.5803,53.8347,53.8706,106.819,179,126633,4.0052,-3.8373
11/14/2017 20:15,246,1,109.9,16.4,46.75,63.15,0,56.9,56.9,118.5,0,A,8,1,1,212,80,878,140,A,Q1,0,0,0,0,0,0,0,0,231.3,1,0,1,28,A,1,0,5.3421,6.1454,87.1917,0.0468,0,0,1.2715,0,229.591,100,75.7051,1.1384,59.1464,2.9352,5.4791,58.3395,15.1475,56.8698,56.8973,118.5264,184,126638,2.3339,-0.9976
11/14/2017 20:15,249,1,163.9,9.3,77.3,86.6,0,65.3,65.6,178.3,0,A,10,1,1,215,83,878,95,A,Q1,0,0,0,0,0,0,0,0,230.4,1,0,1,28,A,1,0,6.1096,1.289,92.5022,0.0725,0,0,0.021,0,1467.3097,92.9349,77.5886,1.4153,48.454,3.7074,5.0998,68.3967,19.385,65.2954,65.6126,178.3003,187,126641,1.8647,-0.2981
11/14/2017 20:15,251,1,127.9,20.8,53.55,74.35,0,59.4,59.5,140,0,A,9,1,1,217,85,878,115,A,Q1,0,0,0,0,0,0,0,0,230.5,1,0,1,28,A,1,0,4.2745,0.4945,95.1419,0.0668,0,0,0.02,0,623.56,100,75.3972,1.2939,81.9635,3.5336,4.8672,50.2383,16.7343,59.3891,59.5454,139.9687,189,126643,3.376,-3.1995
11/14/2017 20:15,253,1,93.5,20.2,36.65,56.85,0,51.7,51.7,96.3,0,A,6,1,1,219,87,878,200,A,Q1,0,0,0,0,0,0,0,0,229.9,1,0,1,28,A,1,0,3.8947,0.4788,95.2681,0.0084,0,0,0.3472,0,82.67,100,71.4412,1.5733,90.9456,2.4565,6.1689,35.804,9.5202,51.6863,51.7473,96.3385,191,126645,3.7254,-1.257
11/14/2017 20:15,259,1,163.8,38.5,62.65,101.15,0,64.8,64.9,179,0,A,10,1,1,225,93,878,95,A,Q1,0,0,0,0,0,0,0,0,230.1,1,0,1,28,A,1,0,0.6352,0.6484,98.6789,0.0263,0,0,0.0075,0,1117.0691,100,76.5112,1.4441,52.6946,3.0128,5.3532,41.9482,11.7155,64.8379,64.9482,179.0148,197,126651,1.8858,-3.2478
11/14/2017 20:15,260,1,141.8,24.2,58.8,83,0,62.8,62.8,158.7,0,A,9,1,1,226,94,878,115,A,Q1,0,0,0,0,0,0,0,0,230,1,0,1,28,A,1,0,8.4585,5.8348,85.6702,0.0081,0,0,0.0244,0,1187.0223,100,76.8096,1.5502,58.4504,2.6099,3.8748,73.5375,25.9453,62.7504,62.7712,158.7285,198,126652,2.9417,-3.0318
11/14/2017 20:15,261,1,142.3,29,56.65,85.65,0,62.7,62.8,161.3,0,A,9,1,1,227,95,878,115,A,Q1,0,0,0,0,0,0,0,0,230.7,1,0,1,28,A,1,0,70.1099,0,29.8094,0.0453,0,0.0295,0.002,0,1402.4514,89.0441,73.1235,1.1519,102.2148,3.0524,5.6082,143.2976,9.4316,62.6933,62.76,161.2951,199,126653,3.751,-1.9529
11/14/2017 20:15,265,1,136.5,33.4,51.55,84.95,0,61.7,61.9,150.6,0,A,9,1,1,231,99,878,115,A,Q1,0,0,0,0,0,0,0,0,230.1,1,0,1,28,A,1,0,7.013,0.0294,92.7897,0.0273,0,0,0.1364,0,751.4442,100,76.134,1.0452,64.3797,2.7056,4.6551,68.7679,15.041,61.7191,61.8545,150.6394,203,126657,1.3909,-1.8809
11/14/2017 20:15,266,1,124.6,26.9,48.85,75.75,0,60.5,60.5,134.5,0,A,9,1,1,232,100,878,115,A,Q1,0,0,0,0,0,0,0,0,229.9,1,0,1,28,A,1,0,6.0026,0,93.9042,0.0163,0,0,0.0746,0,1002.458,100,79.5863,1.5773,67.4317,3.3341,7.4637,40.1501,9.3461,60.4568,60.4826,134.4899,204,126658,3.1781,-2.0025
11/14/2017 20:15,267,1,113.5,21.5,46,67.5,0,57.4,57.5,122.4,0,A,8,1,1,233,101,878,140,A,Q1,0,0,0,0,0,0,0,0,230.2,1,0,1,28,A,1,0,2.19,0,97.7066,0.0936,0,0.0049,0,0,299.2906,100,75.9193,2.883,65.5779,2.3194,4.5058,32.2116,8.2521,57.4489,57.4927,122.354,205,126659,3.9864,-2.3163
11/14/2017 20:15,268,1,102,16.5,42.75,59.25,0,56.3,56.4,109,0,A,8,1,1,234,102,878,140,A,Q1,0,0,0,0,0,0,0,0,230.7,1,0,1,28,A,1,0,3.469,0,96.4871,0.0384,0,0,0.0027,0,228.5493,100,80.5512,4.4002,23.4135,3.9601,6.179,47.3364,7.4033,56.2962,56.4215,108.9629,206,126660,3.3514,-4.0043
11/14/2017 20:15,270,1,99.9,21.8,39.05,60.85,0,55.3,55.6,107.9,0,A,8,1,1,236,104,878,140,A,Q1,0,0,0,0,0,0,0,0,231.1,1,0,1,28,A,1,0,6.2998,0.3078,93.2277,0.1485,0,0,0.0081,0,243.8687,100,77.3337,2.9918,57.4198,3.6864,6.3357,61.2377,11.0967,55.2972,55.5795,107.9393,208,126662,2.5846,-2.3075
11/14/2017 20:15,271,1,117.2,25.7,45.75,71.45,0,58.5,58.6,126.6,0,A,8,1,1,237,105,878,140,A,Q1,0,0,0,0,0,0,0,0,230.1,1,0,1,28,A,1,0,0.0193,0,99.9615,0.0145,0,0,0,0,642.7562,100,79.8555,1.0638,54.8594,2.5931,5.572,36.0338,6.5518,58.5097,58.5685,126.5638,209,126663,2.1994,-2.4882
11/14/2017 20:15,272,1,104,18.4,42.8,61.2,0,57.8,57.9,110.2,0,A,8,1,1,238,106,878,140,A,Q1,0,0,0,0,0,0,0,0,231.6,1,0,1,28,A,1,0,5.6097,9.4058,84.7646,0.008,0,0,0.2012,0,237.4051,100,85.522,2.0403,41.9282,3.4133,5.353,63.1869,32.3964,57.8235,57.8678,110.2463,210,126664,2.3651,-2.5736
11/14/2017 20:15,274,1,121.2,16.9,52.15,69.05,0,60.1,60.3,134.7,0,A,9,1,1,240,108,878,115,A,Q1,0,0,0,0,0,0,0,0,229.9,1,0,1,28,A,1,0,6.6433,4.5542,88.7465,0.0514,0,0,0,0,998.8819,66.7086,81.1045,2.4731,28.3293,3.689,5.5921,62.6717,10.4158,60.0581,60.2825,134.6764,212,126666,1.6105,-1.0298
11/14/2017 20:15,275,1,130,25.5,52.25,77.75,0,59.6,59.7,141.3,0,A,9,1,1,241,109,878,115,A,Q1,0,0,0,0,0,0,0,0,230.1,1,0,1,28,A,1,0,5.7326,5.966,88.2578,0.0044,0,0,0.0349,0,642.7836,100,73.7815,0.7805,69.0819,2.8988,6.9214,73.7202,18.2681,59.5987,59.6968,141.3314,213,126667,2.31,-1.6072
11/14/2017 20:15,276,1,153,14.2,69.4,83.6,0,63.2,63.3,172.3,0,A,10,1,1,242,110,878,95,A,Q1,0,0,0,0,0,0,0,0,230.2,1,0,1,28,A,1,0,4.5032,0,95.4741,0.0057,0,0.0095,0.0019,0,2313.1541,92.5142,72.7728,2.408,100.1291,3.0329,4.6986,69.6671,8.8184,63.1697,63.2545,172.336,214,126668,3.6158,-0.334
11/14/2017 20:15,277,1,101,23.9,38.55,62.45,0,55.3,55.3,110.4,0,A,7,1,1,243,111,878,165,A,Q1,0,0,0,0,0,0,0,0,230.7,1,0,1,28,A,1,0,7.3484,5.6704,86.5662,0.0025,0,0,0.4048,0,540.6929,100,74.1397,1.112,69.4798,3.4137,6.5452,72.4495,21.923,55.2548,55.269,110.4166,215,126669,2.5544,-0.6101
11/14/2017 20:15,278,1,109.3,27.7,40.8,68.5,0,56.7,56.8,120.2,0,A,8,1,1,244,112,878,140,A,Q1,0,0,0,0,0,0,0,0,230.6,1,0,1,28,A,1,0,4.478,2.2776,93.1,0.0896,0,0.005,0.0348,0,587.9403,100,74.5861,2.2134,42.6953,3.551,8.3251,56.2783,41.3199,56.7013,56.7798,120.205,216,126670,3.0845,-1.2006
11/14/2017 20:15,279,1,116.1,21.6,47.25,68.85,0,58.1,58.2,115.1,0,A,8,1,1,245,113,878,140,A,Q1,0,0,0,0,0,0,0,0,231.3,1,0,1,28,A,1,0,3.195,0,96.7753,0.0198,0,0,0.005,0,386.0051,100,80.9022,27.5337,37.5144,3.8947,19.5369,51.8865,12.3619,58.0822,58.1611,115.117,217,126671,-2.9583,-1.7098
11/14/2017 20:15,280,1,126.6,20.7,52.95,73.65,0,60.7,60.8,137.6,0,A,9,1,1,246,114,878,115,A,Q1,0,0,0,0,0,0,0,0,230.3,1,0,1,28,A,1,0,6.2011,6.2011,86.6953,0.065,0,0,0.8328,0,1105.4839,100,81.9728,3.0839,45.5217,3.1404,5.8741,68.5763,27.0496,60.6883,60.8179,137.5997,218,126672,3.1748,-3.0671
11/14/2017 20:15,282,1,104.7,27.4,38.65,66.05,0,56.7,56.9,114.1,0,A,8,1,1,248,116,878,140,A,Q1,0,0,0,0,0,0,0,0,230.5,1,0,1,28,A,1,0,10.4454,0.0149,89.5072,0,0,0,0.0299,0,442.5255,100,76.6366,1.6053,63.1827,3.6891,4.7533,70.1822,7.7785,56.7166,56.856,114.1048,220,126674,2.8627,-3.1764
11/14/2017 20:15,283,1,102.1,22.9,39.6,62.5,0,56.3,56.3,111.4,0,A,8,1,1,249,117,878,140,A,Q1,0,0,0,0,0,0,0,0,230.6,1,0,1,28,A,1,0,6.6946,8.1662,84.9129,0.0184,0,0,0.2001,0,234.3315,100,79.4373,1.5209,55.4042,2.7292,6.2825,67.8097,34.5243,56.3035,56.3329,111.3858,221,126675,3.2546,-0.8131
11/14/2017 20:15,284,1,123.2,19.2,52,71.2,0,59.6,59.6,138.3,0,A,9,1,1,250,118,878,115,A,Q1,0,0,0,0,0,0,0,0,230.6,1,0,1,28,A,1,0,5.3267,0.4542,94.1586,0.0173,0,0.0433,0,0,802.0458,100,71.5864,2.1229,91.4809,2.3985,7.1362,63.7614,8.6677,59.5536,59.5918,138.2784,222,126676,3.7347,-1.3753
11/14/2017 20:15,285,1,118.7,24.9,46.9,71.8,0,58,58.1,128,0,A,8,1,1,251,119,878,140,A,Q1,0,0,0,0,0,0,0,0,230,1,0,1,28,A,1,0,7.2433,9.5831,82.7551,0.0069,0,0,0.4071,0,547.9158,100,73.5399,3.3954,72.5815,2.8403,8.1763,71.6842,14.0019,57.9687,58.058,128.0211,223,126677,3.8142,-1.4508
11/14/2017 20:15,286,1,120.9,27.4,46.75,74.15,0,57.1,57.2,127.6,0,A,8,1,1,252,120,878,140,A,Q1,0,0,0,0,0,0,0,0,230.3,1,0,1,28,A,1,0,0.784,0,99.1596,0.0141,0,0.0164,0.0211,0,462.9157,94.259,72.7641,1.2919,63.9853,2.3406,4.3779,39.5334,11.4342,57.0522,57.1506,127.5708,224,126678,2.8713,-2.2251
11/14/2017 20:15,287,1,95.6,27.2,34.2,61.4,0,54.7,60.1,100.5,0,A,9,1,1,253,121,878,115,A,Q1,0,0,0,0,0,0,0,0,230,1,0,1,28,A,1,0,7.2482,0,92.6257,0.0172,0,0,0.1031,0,293.8337,94.9275,82.5963,2.1723,0,5.6792,4.2005,49.023,12.5333,54.6949,60.0514,100.5005,225,126679,2.2273,-3.8682
11/14/2017 20:15,289,1,161.6,39.9,60.85,100.75,0,66,66.1,179.3,0,A,10,1,1,255,123,878,95,A,Q1,0,0,0,0,0,0,0,0,229.9,1,0,1,28,A,1,0,0.2348,0,99.7102,0.0147,0,0.0147,0.022,0,1518.579,87.5499,75.9393,2.8587,75.2903,4.9053,6.1767,33.3956,13.223,65.9525,66.1189,179.2694,227,126681,2.6832,-1.9507
11/14/2017 20:15,290,1,110.4,30.6,39.9,70.5,0,57.4,57.5,120.1,0,A,8,1,1,0,124,878,140,A,Q1,0,0,0,0,0,0,0,0,230,1,0,1,28,A,1,0,0.6002,0,99.3974,0,0,0,0,0,477.7619,100,78.8763,1.8393,69.6826,2.5932,4.5627,44.6941,7.0777,57.4408,57.4612,120.0833,228,126682,3.1401,-3.3701
11/14/2017 20:15,291,1,150.2,41.1,54.55,95.65,0,64.9,65,170,0,A,10,1,1,1,125,878,95,A,Q1,0,0,0,0,0,0,0,0,230.5,1,0,1,28,A,1,0,4.7335,0.5041,94.6238,0,0,0.0981,0.0346,0,1685.339,86.5874,78.1708,2.5911,102.9136,3.6109,3.9596,64.2459,13.8193,64.892,64.9643,169.9973,229,126683,3.0215,-4.1541
11/14/2017 20:15,293,1,130.7,17.1,56.8,73.9,0,60.1,60.1,145,0,A,9,1,1,3,127,878,115,A,Q1,0,0,0,0,0,0,0,0,230.4,1,0,1,28,A,1,0,15.2624,0.8036,83.652,0.0042,0,0.0189,0.2524,0,628.19,100,72.3872,1.1038,110.2472,2.9557,6.3532,84.9235,9.336,60.0573,60.1437,144.9564,231,126685,2.9458,-1.2382
11/14/2017 20:15,294,1,115.1,13.2,50.95,64.15,0,58.3,58.4,123.4,0,A,8,1,1,4,128,878,140,A,Q1,0,0,0,0,0,0,0,0,231.3,1,0,1,28,A,1,0,2.2506,0.7542,96.9715,0.0095,0,0,0.0119,0,371.0723,100,78.599,1.6522,50.4396,2.7969,6.4493,44.6587,23.6339,58.319,58.3819,123.4028,232,126686,2.5436,-3.1784
11/14/2017 20:15,295,1,93.2,22,35.6,57.6,0,56.8,58,97.5,0,A,8,1,1,5,129,878,140,A,Q1,0,0,0,0,0,0,0,0,230,1,0,1,28,A,1,0,4.8532,0.7695,94.3318,0,0,0,0.0394,0,239.5833,100,92.7691,35.0663,0,9.5057,8.6666,43.0349,29.3074,56.7764,57.9511,97.5278,233,126687,2.7291,-3.5967
11/14/2017 20:15,296,1,76.4,18,29.2,47.2,0,50.6,50.7,80.1,0,A,6,1,1,6,130,878,200,A,Q1,0,0,0,0,0,0,0,0,231.4,1,0,1,28,A,1,0,8.3562,0.4542,90.9412,0,0,0,0.2418,0,138.6639,100,80.2593,2.3709,62.6399,2.9349,6.2084,62.6991,9.558,50.5738,50.6728,80.0967,234,126688,2.6138,-2.7226
11/14/2017 20:15,298,1,156.2,24.7,65.75,90.45,0,63.2,63.3,174.3,0,A,10,1,1,8,132,878,95,A,Q1,0,0,0,0,0,0,0,0,230.5,1,0,1,28,A,1,0,0.0662,0,99.8221,0.1041,0,0,0.0057,0,2497.9297,93.1339,70.2417,1.7126,87.1591,2.9546,8.6194,39.8646,8.4807,63.2436,63.2764,174.2845,236,126690,3.5451,-3.8787
11/14/2017 20:15,299,1,147.6,23.6,62,85.6,0,63.1,63.3,163.9,0,A,10,1,1,9,133,878,95,A,Q1,0,0,0,0,0,0,0,0,230.4,1,0,1,28,A,1,0,7.6038,0,92.3728,0.0078,0,0,0.0117,0,2253.364,88.3866,75.3285,1.2417,99.6388,3.5338,4.8038,55.4751,10.0122,63.1067,63.3018,163.8617,237,126691,2.1215,-4.1078
11/14/2017 20:15,302,1,138.9,32,53.45,85.45,0,61,61.1,153.6,0,A,9,1,1,12,136,878,115,A,Q1,0,0,0,0,0,0,0,0,230.7,1,0,1,28,A,1,0,1.7648,1.1876,96.9772,0.06,0,0,0.0062,0,1328.7383,100,72.7359,1.9613,106.0551,3.3782,5.9369,48.3593,18.8708,60.9825,61.0942,153.5983,240,126694,3.503,-3.4422
11/14/2017 20:15,303,1,112.2,17.7,47.25,64.95,0,55.7,55.7,121.4,0,A,8,1,1,13,137,878,140,A,Q1,0,0,0,0,0,0,0,0,231.3,1,0,1,28,A,1,0,3.3186,3.1534,93.4288,0,0,0,0.0921,0,368.1682,100,70.6924,0.7703,81.0866,3.1108,6.2274,51.2861,21.6287,55.671,55.7468,121.4369,241,126695,3.8825,-2.9127
11/14/2017 20:15,305,1,148.5,36.7,55.9,92.6,0,64.2,64.4,161.9,0,A,10,1,1,15,139,878,95,A,Q1,0,0,0,0,0,0,0,0,229.8,1,0,1,28,A,1,0,6.7514,0.002,92.8971,0.0118,0,0.0059,0.324,0,2875.6404,78.8326,78.0308,1.8716,56.1166,4.5946,6.2833,61.9891,12.2681,64.2238,64.3538,161.869,243,126697,2.269,-2.9663
11/14/2017 20:15,306,1,155.1,31.8,61.65,93.45,0,64.7,64.8,170.1,0,A,10,1,1,16,140,878,95,A,Q1,0,0,0,0,0,0,0,0,230.1,1,0,1,28,A,1,0,1.0371,0,98.8851,0.0758,0,0,0,0,2129.2869,88.4644,76.5404,1.3884,90.0568,2.9749,3.5419,48.8599,6.8311,64.6899,64.7544,170.1031,244,126698,3.2525,-2.3898
11/14/2017 20:15,309,1,160,25.5,67.25,92.75,0,64.5,64.6,168.9,0,A,10,1,1,19,143,878,95,A,Q1,0,0,0,0,0,0,0,0,230.5,1,0,1,28,A,1,0,6.2173,5.6987,87.9577,0.0155,0,0,0.1088,0,788.5049,88.0405,78.6826,2.2381,48.1121,3.1684,5.8027,60.2618,39.4296,64.5236,64.5702,168.95,247,126701,3.8546,-1.2961
11/14/2017 20:15,310,1,162.7,36.2,63.25,99.45,0,63.7,63.8,180.2,0,A,10,1,1,20,144,878,95,A,Q1,0,0,0,0,0,0,0,0,230.5,1,0,1,28,A,1,0,6.2583,5.184,88.4457,0.0496,0,0.0037,0.0514,0,1920.8862,100,70.6453,3.0916,122.4424,4.1458,7.2684,69.911,26.585,63.7104,63.8413,180.2103,248,126702,3.0535,-3.848
11/14/2017 20:15,314,1,131.1,14,58.55,72.55,0,60.7,60.7,142.6,0,A,9,1,1,24,148,878,115,A,Q1,0,0,0,0,0,0,0,0,230.5,1,0,1,28,A,1,0,4.0345,0.0819,95.7287,0.0841,0,0,0.0642,0,457.6824,100,76.5937,2.765,60.0102,3.7464,5.5394,44.3282,8.973,60.7022,60.7295,142.5883,252,126706,3.6686,-1.9422
11/14/2017 20:15,315,1,93.7,22.3,35.7,58,0,53.7,53.7,101.3,0,A,7,1,1,25,149,878,165,A,Q1,0,0,0,0,0,0,0,0,230.2,1,0,1,28,A,1,0,4.2656,0,95.7289,0.0028,0,0,0,0,223.6565,100,75.3757,1.3718,64.4354,2.9352,4.373,42.1054,7.6641,53.6638,53.6853,101.3044,253,126707,4.3195,-3.4269
11/14/2017 20:15,316,1,147.4,32.7,57.35,90.05,0,63.7,63.7,161.7,0,A,10,1,1,26,150,878,95,A,Q1,0,0,0,0,0,0,0,0,229.9,1,0,1,28,A,1,0,4.027,1.6108,94.336,0.0202,0,0,0,0,750.9586,100,79.4278,1.6396,60.4833,2.4946,4.7781,46.3863,13.4511,63.6647,63.7086,161.723,254,126708,3.3066,-1.278
11/14/2017 20:15,317,1,96.6,38.2,29.2,67.4,0,54.5,54.9,102,0,A,7,1,1,27,151,878,165,A,Q1,0,0,0,0,0,0,0,0,229.8,1,0,1,28,A,1,0,2.1347,0.6169,97.2349,0,0,0,0.0081,0,403.6422,47.83,75.7093,1.4612,73.2085,4.5091,7.8839,50.5283,7.905,54.4942,54.9027,101.9604,255,126709,3.9806,-2.2826
11/14/2017 20:15,323,1,93.1,22.8,35.15,57.95,0,53.9,54.1,97.1,0,A,7,1,1,33,157,878,165,A,Q1,0,0,0,0,0,0,0,0,230.3,1,0,1,28,A,1,0,2.0577,1.2788,96.3376,0,0,0,0.3176,0,282.615,100,75.4698,1.6524,63.0556,4.3014,10.1199,41.1318,23.9634,53.888,54.0907,97.0999,5,126715,2.9081,-2.5784
11/14/2017 20:15,328,1,99.1,23.3,37.9,61.2,0,55.4,55.5,107.3,0,A,7,1,1,38,162,878,165,A,Q1,0,0,0,0,0,0,0,0,230.4,1,0,1,28,A,1,0,9.9341,9.548,80.2031,0.0185,0,0,0.2883,0,374.1344,100,76.2776,1.2406,52.2134,3.2095,8.0637,79.2859,18.0676,55.4345,55.495,107.344,10,126720,3.5799,-2.1535
11/14/2017 20:15,333,1,94.7,12,41.35,53.35,0,53.7,53.7,100.8,0,A,7,1,1,43,167,878,165,A,Q1,0,0,0,0,0,0,0,0,230.1,1,0,1,28,A,1,0,2.7359,0,97.2312,0.0329,0,0,0,0,310.4537,100,74.3967,2.6778,65.2849,3.6882,6.2038,43.6387,7.8386,53.6586,53.6979,100.7749,15,126725,4.661,-0.6245
11/14/2017 20:15,335,1,126,23,51.5,74.5,0,57.9,58,132.3,0,A,8,1,1,45,169,878,140,A,Q1,0,0,0,0,0,0,0,0,230.2,1,0,1,28,A,1,0,5.2524,0,94.6522,0.0795,0,0,0.0136,0,505.828,93.305,70.8415,1.3243,96.4678,3.1295,6.0504,44.1302,8.1432,57.9486,57.9668,132.3092,17,126727,3.8204,-2.6313
11/14/2017 20:15,337,1,128.1,21,53.55,74.55,0,60.6,67.5,140.2,0,A,10,1,1,47,171,878,95,A,Q1,0,0,0,0,0,0,0,0,230.5,1,0,1,28,A,1,0,4.6216,0.1872,95.1272,0.0274,0,0.0046,0.0251,0,547.1339,100,78.4332,2.2776,0,3.9625,5.6581,45.8096,9.8476,60.5679,67.4678,140.1697,19,126729,2.6469,-2.1915
11/14/2017 20:15,338,1,127.8,23.4,52.2,75.6,0,59.8,59.8,143.8,0,A,9,1,1,48,172,878,115,A,Q1,0,0,0,0,0,0,0,0,230.2,1,0,1,28,A,1,0,5.3998,0,94.5742,0.0239,0,0,0,0,1215.327,100,74.0692,2.434,82.2572,5.3118,5.0416,62.2401,7.6776,59.7841,59.849,143.8395,20,126730,4.7138,-2.5851
11/14/2017 20:15,340,1,131.5,43.2,44.15,87.35,0,61.1,61.3,142.3,0,A,9,1,1,50,174,878,115,A,Q1,0,0,0,0,0,0,0,0,229.9,1,0,1,28,A,1,0,9.2613,1.4041,89.2826,0.009,0,0,0.0384,0,518.9995,100,80.0986,2.1601,52.9396,4.5705,5.8052,78.1601,28.3752,61.1438,61.3234,142.3297,22,126732,2.8238,-4.0741
11/14/2017 20:15,341,1,116.1,19.1,48.5,67.6,0,59.3,59.3,130.1,0,A,9,1,1,51,175,878,115,A,Q1,0,0,0,0,0,0,0,0,230.6,1,0,1,28,A,1,0,13.3601,0.9763,85.5425,0.0093,0,0,0.1048,0,1387.3892,100,77.8291,0.9247,78.4942,3.0591,3.7658,80.2103,10.835,59.25,59.2826,130.1048,23,126733,3.6891,-3.308
11/14/2017 20:15,345,1,105.2,20.2,42.5,62.7,0,58,60.5,109.7,0,A,9,1,1,55,179,878,115,A,Q1,0,0,0,0,0,0,0,0,230.2,1,0,1,28,A,1,0,8.3631,0,91.4085,0.0275,0,0,0.1981,0,265.1999,100,90.4093,6.1295,0,5.6123,6.3504,58.8097,18.4879,58.0405,60.5193,109.6666,27,126737,3.5099,-1.0975
11/14/2017 20:15,346,1,106.2,31.9,37.15,69.05,0,56.1,56.2,116.8,0,A,8,1,1,56,180,878,140,A,Q1,0,0,0,0,0,0,0,0,230.5,1,0,1,28,A,1,0,3.7967,4.5735,91.2651,0.0375,0,0,0.3222,0,254.7177,100,75.2657,1.4704,57.8236,5.5577,4.8687,60.0176,15.623,56.0946,56.2389,116.8227,28,126738,4.4635,-3.8502
11/14/2017 20:15,348,1,129.9,22.1,53.9,76,0,59.5,59.6,142.8,0,A,9,1,1,58,182,878,115,A,Q1,0,0,0,0,0,0,0,0,230.4,1,0,1,28,A,1,0,6.2474,6.8929,86.81,0.0194,0,0,0.0259,0,968.0115,100,72.9042,1.9037,64.8787,3.572,4.5794,63.1495,15.8306,59.5401,59.5655,142.7792,30,126740,4.6899,-2.3889
11/14/2017 20:15,349,1,155.8,31.8,62,93.8,0,63.7,63.7,165.2,0,A,10,1,1,59,183,878,95,A,Q1,0,0,0,0,0,0,0,0,230.4,1,0,1,28,A,1,0,4.2586,0.2672,95.3832,0.0396,0,0.0416,0.004,0,1266.3289,100,76.5146,2.2087,64.5795,3.9778,6.5437,57.9481,13.8611,63.6951,63.7388,165.1936,31,126741,5.2072,-4.6383
11/14/2017 20:15,351,1,120.1,16.2,51.95,68.15,0,58.7,58.8,129.8,0,A,8,1,1,61,185,878,140,A,Q1,0,0,0,0,0,0,0,0,230.3,1,0,1,28,A,1,0,10.7511,0.0119,88.9316,0.0883,0,0,0.21,0,548.2974,100,78.0394,2.7926,51.349,3.14,5.0401,71.0666,32.0357,58.7058,58.7535,129.7808,33,126743,3.1073,-1.0278
11/14/2017 20:15,357,1,87.8,18.9,34.45,53.35,0,51.2,51.2,90.1,0,A,6,1,1,67,191,878,200,A,Q1,0,0,0,0,0,0,0,0,230.5,1,0,1,28,A,1,0,6.1698,2.5307,90.5053,0.003,0,0,0.7853,0,177.8906,100,73.4381,1.2172,73.7958,2.8667,5.6104,66.8729,9.3731,51.1534,51.1922,90.0578,39,126749,3.3682,-1.3291
11/14/2017 20:15,360,1,105.8,16.3,44.75,61.05,0,56.1,56.2,109.4,0,A,8,1,1,70,194,878,140,A,Q1,0,0,0,0,0,0,0,0,230.7,1,0,1,28,A,1,0,2.9375,0.0108,96.9953,0.0054,0,0.0134,0.0296,0,276.3646,100,80.8012,1.7004,49.5101,3.2756,5.3632,36.8859,13.0447,56.1308,56.2125,109.4172,42,126752,3.391,-1.6522
11/14/2017 20:15,362,1,189.7,12.1,88.8,100.9,0,69.8,69.9,210.5,0,A,11,1,1,72,196,878,75,A,Q1,0,0,0,0,0,0,0,0,231.2,1,0,1,28,A,1,4.4406,90.1432,4.3659,0.6176,0.0085,0,0,0.4174,0,1802.7537,100,80.894,1.4699,77.4653,3.4948,3.2054,187.6819,11.7433,69.7757,69.8647,210.4585,44,126754,4.9375,-2.1913
11/14/2017 20:15,364,1,96.9,12,42.45,54.45,0,54.7,55.3,99.8,0,A,7,1,1,74,198,878,165,A,Q1,0,0,0,0,0,0,0,0,231.3,1,0,1,28,A,1,0,5.3471,0,94.2834,0.0229,0,0.0029,0.3322,0,227.7265,100,80.3973,2.6635,41.2449,5.0564,5.1336,47.3412,9.6201,54.6608,55.2976,99.7555,46,126756,4.6197,-2.3202
11/14/2017 20:15,365,1,103.8,24,39.9,63.9,0,53.4,53.7,108.4,0,A,7,1,1,75,199,878,165,A,Q1,0,0,0,0,0,0,0,0,230.4,1,0,1,28,A,1,0,3.6705,0,96.314,0.0104,0,0,0,0,321.6183,83.7803,69.2507,1.7369,92.7369,4.9425,6.0651,55.2759,8.1725,53.3511,53.6823,108.3553,47,126757,5.2025,-3.536
11/14/2017 20:15,367,1,99.6,12.3,43.65,55.95,0,55.1,55.1,105.4,0,A,7,1,1,77,201,878,165,A,Q1,0,0,0,0,0,0,0,0,230.3,1,0,1,28,A,1,0,4.6887,0,95.2756,0.0302,0,0.0027,0,0,269.7493,100,77.1892,1.8016,33.9022,3.6188,8.5086,44.1256,7.5406,55.1226,55.1432,105.3818,49,126759,3.2541,-1.9548
11/14/2017 20:15,368,1,126.3,18.5,53.9,72.4,0,59.3,59.4,133.7,0,A,9,1,1,78,202,878,115,A,Q1,0,0,0,0,0,0,0,0,230.8,1,0,1,28,A,1,0,0.7137,0,99.2537,0.014,0,0,0.0117,0,484.1832,91.8711,78.8873,0.9276,53.7876,2.7288,5.1139,37.9849,7.7886,59.3277,59.381,133.6882,50,126760,4.3791,-0.6745
11/14/2017 20:15,370,1,128.6,22.2,53.2,75.4,0,60.7,60.7,139.4,0,A,9,1,1,80,204,878,115,A,Q1,0,0,0,0,0,0,0,0,230.2,1,0,1,28,A,1,0,4.9621,0.0936,94.885,0.0456,0,0.0068,0,0,389.6535,100,78.9306,1.6599,40.3701,3.0038,5.0799,46.9693,10.824,60.68,60.6993,139.3703,52,126762,3.4244,-1.7755
11/14/2017 20:15,371,1,120.6,13.5,53.55,67.05,0,59.6,61,131.3,0,A,9,1,1,81,205,878,115,A,Q1,0,0,0,0,0,0,0,0,230.1,1,0,1,28,A,1,0,7.7421,16.6139,74.3796,0.0165,0,0,1.2431,0,820.9666,100,80.0891,2.4045,37.887,4.1662,6.9975,80.2382,48.877,59.5634,60.9723,131.3354,53,126763,3.988,-2.6103
11/14/2017 20:15,373,1,110.4,25.9,42.25,68.15,0,57.9,63.6,116.8,0,A,10,1,1,83,207,878,95,A,Q1,0,0,0,0,0,0,0,0,230.7,1,0,1,28,A,1,0,4.8743,4.286,90.7429,0.0739,0,0,0.0204,0,462.8757,100,78.0974,2.4235,0,3.6878,9.4806,61.0562,13.4011,57.8907,63.5715,116.7518,55,126765,3.8984,-3.7136
11/14/2017 20:15,374,1,111.1,25.5,42.8,68.3,0,55.6,55.6,118.2,0,A,8,1,1,84,208,878,140,A,Q1,0,0,0,0,0,0,0,0,230,1,0,1,28,A,1,0,1.6363,0.0151,98.2657,0.0377,0,0,0.0377,0,450.7377,87.5948,72.2333,2.351,68.5058,2.8836,6.8682,40.1062,10.7199,55.5581,55.62,118.1815,56,126766,5.0819,-4.1664
11/14/2017 20:15,376,1,91,20.5,35.25,55.75,0,54.5,59.9,98.4,0,A,9,1,1,86,210,878,115,A,Q1,0,0,0,0,0,0,0,0,231.7,1,0,1,28,A,1,0,4.2352,4.3675,91.1271,0.0518,0,0,0.2128,0,161.877,100,80.6212,3.5586,0,2.5551,6.1585,65.9957,19.1144,54.5366,59.8623,98.4004,58,126768,3.476,-2.9042
11/14/2017 20:15,377,1,162.4,20.7,70.85,91.55,0,64.6,64.7,184.2,0,A,10,1,1,87,211,878,95,A,Q1,0,0,0,0,0,0,0,0,230.3,1,0,1,28,A,1,0,5.069,0,94.8325,0.058,0,0,0.0387,0,1860.007,81.9876,71.316,1.1029,92.4504,3.8235,4.3334,54.7572,23.6615,64.6416,64.7102,184.2041,59,126769,4.464,-1.2084
11/14/2017 20:15,378,1,122.3,21.7,50.3,72,0,59.1,59.1,133.4,0,A,8,1,1,88,212,878,140,A,Q1,0,0,0,0,0,0,0,0,230.6,1,0,1,28,A,1,0,3.8055,0.1713,95.9387,0.0094,0,0,0.0704,0,385.4941,100,77.1436,1.4915,36.0157,3.4364,6.5735,50.7327,22.9231,59.066,59.1263,133.4385,60,126770,5.7205,-2.3863
11/14/2017 20:15,379,1,115.4,30,42.7,72.7,0,59.6,64.4,123.5,0,A,10,1,1,89,213,878,95,A,Q1,0,0,0,0,0,0,0,0,230.2,1,0,1,28,A,1,0,0.0223,0,99.9628,0.005,0,0.0074,0,0,1144.0306,100,84.7602,2.4531,0,3.4826,4.3834,35.9056,7.1485,59.627,64.3591,123.5163,61,126771,4.1079,-3.4268
11/14/2017 20:15,380,1,104,21.4,41.3,62.7,0,55.5,55.5,113.9,0,A,7,1,1,90,214,878,165,A,Q1,0,0,0,0,0,0,0,0,230.6,1,0,1,28,A,1,0,70.0093,25.9271,2.9908,0.0225,0,0.1275,0.9153,0,685.8545,100,72.3799,1.3146,75.3828,1.6284,4.7911,150.307,34.4749,55.4952,55.5389,113.8674,62,126772,3.9868,-2.765
11/14/2017 20:15,381,1,108,33.6,37.2,70.8,0,58.8,59.2,118.8,0,A,9,1,1,91,215,878,115,A,Q1,0,0,0,0,0,0,0,0,230.4,1,0,1,28,A,1,0.1619,71.1599,9.4928,18.6642,0.0048,0,0,0.5142,0,1147.9895,100,76.6468,3.8288,84.478,4.4444,9.188,147.2874,13.2652,58.794,59.1711,118.7601,63,126773,4.5628,-1.6862
11/14/2017 20:15,382,1,159.5,25.4,67.05,92.45,0,64.3,64.3,180.2,0,A,10,1,1,92,216,878,95,A,Q1,0,0,0,0,0,0,0,0,230.5,1,0,1,28,A,1,0,7.5088,1.7563,90.5997,0.0704,0,0,0.0611,0,1989.5133,100,73.8868,1.3899,76.358,2.783,3.9989,67.9778,26.2004,64.2567,64.2813,180.2355,64,126774,4.5609,-3.3531
11/14/2017 20:15,383,1,161.5,20,70.75,90.75,0,63.6,63.7,177.8,0,A,10,1,1,93,217,878,95,A,Q1,0,0,0,0,0,0,0,0,230.5,1,0,1,28,A,1,0,2.327,0,97.6582,0.0093,0,0,0.0037,0,1599.4063,100,71.9979,1.6211,89.4223,2.7831,4.5008,40.1587,7.1221,63.6228,63.6511,177.7587,65,126775,4.1812,-1.3728
11/14/2017 20:15,384,1,169.1,27.2,70.95,98.15,0,65.4,65.4,186.7,0,A,10,1,1,94,218,878,95,A,Q1,0,0,0,0,0,0,0,0,230.1,1,0,1,28,A,1,0,6.0183,0.2224,93.6003,0.0181,0,0,0.1374,0,1260.1172,100,74.6966,1.2105,59.5553,2.3789,3.8937,55.2661,13.9441,65.4165,65.4497,186.6952,66,126776,3.2888,-2.0753
11/14/2017 20:15,385,1,124.1,22.3,50.9,73.2,0,58.2,58.2,133.6,0,A,8,1,1,95,219,878,140,A,Q1,0,0,0,0,0,0,0,0,229.8,1,0,1,28,A,1,0,0.8373,0,99.1447,0.0068,0,0.009,0,0,617.3553,100,72.5884,1.0145,71.5259,2.7062,5.5309,37.0779,7.5414,58.1863,58.209,133.5802,67,126777,5.1892,-2.6183
11/14/2017 20:15,387,1,133.6,15.2,59.2,74.4,0,60.9,61,145.9,0,A,9,1,1,97,221,878,115,A,Q1,0,0,0,0,0,0,0,0,230.8,1,0,1,28,A,1,0,5.1991,0.0109,94.7466,0.037,0,0,0.0043,0,702.3992,100,77.1754,0.9559,44.9374,3.4564,4.8561,55.1078,8.549,60.8527,60.9741,145.9322,69,126779,3.748,-1.3601
11/14/2017 20:15,388,1,200.2,28.8,85.7,114.5,0,69.5,69.5,224.6,0,A,11,1,1,98,222,878,75,A,Q1,0,0,0,0,0,0,0,0,230.4,1,0,1,28,A,1,0,3.7431,5.3477,90.4803,0.0095,0,0,0.4162,0,3628.3074,88.5193,74.7588,2.0647,105.5202,3.2256,5.4102,62.029,13.5366,69.489,69.5098,224.628,70,126780,4.5854,-1.1707
11/14/2017 20:15,389,1,140.7,30.3,55.2,85.5,0,61.9,62,153.9,0,A,9,1,1,99,223,878,115,A,Q1,0,0,0,0,0,0,0,0,230.6,1,0,1,28,A,1,0,3.9856,0.2906,95.6965,0.0126,0,0.0063,0.0042,0,1138.2114,100,75.7815,3.9899,89.3987,2.3785,7.4661,58.1364,17.9698,61.8515,62.0178,153.9279,71,126781,6.0618,-3.007
11/14/2017 20:15,391,1,100.7,21.8,39.45,61.25,0,55.1,55.2,109.7,0,A,7,1,1,101,225,878,165,A,Q1,0,0,0,0,0,0,0,0,230.3,1,0,1,28,A,1,0,1.4804,0,98.465,0.0494,0,0,0,0,245.5309,94.9502,75.6341,1.2489,47.9638,3.8944,4.6387,32.0325,20.8198,55.0848,55.1916,109.6828,73,126783,3.0077,-2.2655
11/14/2017 20:15,392,1,157,25.7,65.65,91.35,0,65.1,65.1,174,0,A,10,1,1,102,226,878,95,A,Q1,0,0,0,0,0,0,0,0,230.3,1,0,1,28,A,1,0,77.8586,1.5583,20.1849,0.0019,0,0.0249,0.3656,0,2348.2954,100,77.6715,1.1773,65.1707,3.9579,3.836,148.3022,14.0049,65.0581,65.1454,173.9571,74,126784,3.7237,-4.0696
11/14/2017 20:15,393,1,122.8,38.7,42.05,80.75,0,57.3,57.4,134.4,0,A,8,1,1,103,227,878,140,A,Q1,0,0,0,0,0,0,0,0,230.1,1,0,1,28,A,1,0,6.7768,2.5159,89.9077,0.0022,0,0,0.793,0,552.7097,89.3653,69.7082,1.5779,82.6934,2.8984,5.3856,60.6162,10.6566,57.3482,57.4231,134.4137,75,126785,5.2759,-3.2535
11/14/2017 20:15,394,1,96.8,17.5,39.65,57.15,0,54.5,54.7,102.5,0,A,7,1,1,104,228,878,165,A,Q1,0,0,0,0,0,0,0,0,230.9,1,0,1,28,A,1,0,2.6682,0.0028,97.3125,0.0083,0,0,0,0,229.7251,100,77.5473,2.3546,61.1127,3.2767,4.7492,48.533,9.3069,54.4962,54.6921,102.4941,76,126786,4.5197,-1.9557
11/14/2017 20:15,395,1,159.7,27.7,66,93.7,0,64.3,64.4,177.9,0,A,10,1,1,105,229,878,95,A,Q1,0,0,0,0,0,0,0,0,230.6,1,0,1,28,A,1,0,5.3356,9.2862,85.2341,0.0299,0,0,0.1067,0,1201.1776,100,74.4691,1.6181,72.8882,2.0913,4.7392,62.944,23.0616,64.347,64.3818,177.8757,77,126787,4.4107,-3.6424
11/14/2017 20:15,396,1,152.2,29.9,61.15,91.05,0,63.1,63.2,165.3,0,A,9,1,1,106,230,878,115,A,Q1,0,0,0,0,0,0,0,0,230.9,1,0,1,28,A,1,0,5.4988,0.4458,94.0436,0.0079,0,0,0.002,0,855.6123,100,77.5334,1.8418,46.6271,3.0912,4.2148,49.9796,7.6767,63.1315,63.2412,165.2786,78,126788,5.6207,-3.5752
11/14/2017 20:15,398,1,121.1,16.7,52.2,68.9,0,59.3,59.3,132.6,0,A,9,1,1,108,232,878,115,A,Q1,0,0,0,0,0,0,0,0,230.8,1,0,1,28,A,1,0,10.7888,2.4705,86.0768,0.0023,0,0,0.6546,0,849.2909,100,75.813,1.1481,66.2477,2.3559,6.5194,77.4144,19.7687,59.2888,59.3104,132.5617,80,126790,3.0831,-2.9206
11/14/2017 20:15,399,1,104.1,32,36.05,68.05,0,56.7,56.7,112.6,0,A,8,1,1,109,233,878,140,A,Q1,0,0,0,0,0,0,0,0,230.5,1,0,1,28,A,1,0,7.8717,13.422,77.6965,0.0105,0,0,0.9967,0,465.1579,100,76.859,2.5441,65.5114,3.757,10.2976,76.3455,31.9967,56.6699,56.7117,112.5956,81,126791,2.7968,-2.8206
11/14/2017 20:15,402,1,146.1,10.5,67.8,78.3,0,63.3,63.6,158,0,A,10,1,1,112,236,878,95,A,Q1,0,0,0,0,0,0,0,0,230,1,0,1,28,A,1,0,11.2598,5.9557,82.7514,0.0248,0,0,0.0041,0,767.3405,100,79.7522,1.3278,53.7834,3.2255,5.998,73.6189,9.4274,63.3384,63.5647,158.0481,84,126794,5.0483,-1.713
11/14/2017 20:15,404,1,138.6,32.4,53.1,85.5,0,60.3,60.4,150.7,0,A,9,1,1,114,238,878,115,A,Q1,0,0,0,0,0,0,0,0,230,1,0,1,28,A,1,0,2.3678,0.027,97.5803,0.0145,0,0,0.0042,0,654.9982,91.6562,71.2545,1.1049,60.7934,2.9944,5.5189,50.1733,6.8013,60.314,60.4323,150.7116,86,126796,5.0797,-0.4514
11/14/2017 20:15,409,1,99.3,25.7,36.8,62.5,0,55.2,55.4,105.9,0,A,7,1,1,119,243,878,165,A,Q1,0,0,0,0,0,0,0,0,230.6,1,0,1,28,A,1,0,19.6501,9.6552,69.2133,0.0026,0,0,1.4687,0,546.1998,100,74.5469,1.2939,90.806,3.1398,6.0612,90.7428,25.3421,55.2181,55.3675,105.863,91,126801,3.4164,-3.6127
11/14/2017 20:15,412,1,94.7,21.5,36.6,58.1,0,55.1,55.1,103,0,A,7,1,1,122,246,878,165,A,Q1,0,0,0,0,0,0,0,0,230.4,1,0,1,28,A,1,0,6.5488,0.8643,92.1241,0.0502,0,0,0.407,0,383.9945,100,81.2194,3.4914,43.5655,3.277,5.0355,52.8187,10.3473,55.1415,55.0882,103.0241,94,126804,3.1647,-3.3376
11/14/2017 20:15,413,1,278.2,33.9,122.15,156.05,0,78.8,78.9,301.1,0,A,12,1,1,123,247,878,63,A,Q1,0,0,0,0,0,0,0,0,230.7,1,0,1,28,A,1,0,10.087,0.0229,89.4109,0.0443,0,0,0.4292,0,866.9071,100,82.6295,1.1934,69.2571,2.8602,4.4053,69.9202,9.1423,78.8359,78.8861,301.1065,95,126805,3.4332,-3.3693
11/14/2017 20:15,432,1,109.8,26,41.9,67.9,0,55.5,55.5,112.6,0,A,7,1,1,142,266,878,165,A,Q1,0,0,0,0,0,0,0,0,231.8,1,0,1,28,A,1,0,5.1559,0,94.7845,0.0078,0,0,0.0519,0,184.8655,100,74.8842,1.7639,31.8912,2.1829,8.6132,64.3396,6.856,55.5044,55.5214,112.6209,114,126824,2.558,-2.6146
11/14/2017 20:15,437,1,121.7,22.5,49.6,72.1,0,59.9,60,134.4,0,A,9,1,1,147,271,878,115,A,Q1,0,0,0,0,0,0,0,0,230.4,1,0,1,28,A,1,0.4827,85.5576,1.9607,11.6012,0.0368,0,0,0.3517,0,1113.6079,100,77.1218,3.0687,68.3781,2.8079,5.5485,164.7281,14.4297,59.9437,59.9787,134.4487,119,126829,4.265,-2.7702
11/14/2017 20:15,446,1,114.4,10.4,52,62.4,0,57.5,57.6,125.1,0,A,8,1,1,156,280,878,140,A,Q1,0,0,0,0,0,0,0,0,230.2,1,0,1,28,A,1,0.0046,35.0869,0,64.8551,0.0371,0,0.0046,0.007,0,979.0834,100,72.3383,1.3234,84.4807,3.4188,6.3601,107.3527,8.8117,57.5487,57.5642,125.1206,128,126838,4.2781,-0.6331
11/14/2017 20:15,448,1,163.3,21,71.15,92.15,0,65.3,65.4,180.8,0,A,10,1,1,158,282,878,95,A,Q1,0,0,0,0,0,0,0,0,230.1,1,0,1,28,A,1,0,3.1823,0,96.7015,0.1162,0,0,0,0,1519.1781,100,77.1661,2.351,76.2861,2.7831,4.5245,48.3048,10.6099,65.3096,65.3504,180.75,130,126840,4.7212,-2.8022
11/14/2017 20:15,449,1,109.9,24,42.95,66.95,0,56,56,115.9,0,A,8,1,1,159,283,878,140,A,Q1,0,0,0,0,0,0,0,0,230.3,1,0,1,28,A,1,0,0.0736,0,99.8984,0.0051,0,0.0203,0,0,276.6178,100,77.0578,2.6157,60.8017,2.9343,4.3981,30.4218,6.9155,56.012,56.0241,115.9082,131,126841,5.3839,-2.2878
11/14/2017 20:15,452,1,140.6,27.4,56.6,84,0,61.9,62.1,152,0,A,9,1,1,162,286,878,115,A,Q1,0,0,0,0,0,0,0,0,230.4,1,0,1,28,A,1,0,5.566,0.0105,94.2422,0.0084,0,0,0.1665,0,746.1218,60.074,78.5842,1.5706,54.3485,4.1126,5.3495,45.3065,12.1699,61.9195,62.1262,151.9598,134,126844,3.9196,-2.5132
11/14/2017 20:15,453,1,143.1,25.9,58.6,84.5,0,64.3,70.4,159.3,0,A,11,1,1,163,287,878,75,A,Q1,0,0,0,0,0,0,0,0,229.4,1,0,1,28,A,1,0.4328,60.2617,34.982,3.73,0.0206,0,0,0.5667,0,945.7707,100,80.9635,2.8997,0,3.2454,5.6455,156.6927,12.2911,64.3057,70.4188,159.3092,135,126845,5.2218,-2.8343
11/14/2017 20:15,454,1,106.6,23.5,41.55,65.05,0,57.5,57.3,114.6,0,A,8,1,1,164,288,878,140,A,Q1,0,0,0,0,0,0,0,0,230.1,1,0,1,28,A,1,0,12.1243,1.693,85.3269,0,0,0,0.8531,0,491.1456,100,82.4484,3.3043,40.4138,3.071,4.6459,76.6105,19.6264,57.4692,57.2775,114.5502,136,126846,4.0752,-2.6754
11/14/2017 20:15,455,1,151.9,13,69.45,82.45,0,65.4,65.4,172.3,0,A,10,1,1,165,289,878,95,A,Q1,0,0,0,0,0,0,0,0,231.5,1,0,1,28,A,1,0.032,59.499,20.641,19.3048,0.0245,0,0.0019,0.4912,0,2056.1211,100,77.9085,1.3425,89.3039,4.1518,4.4495,139.8347,13.8754,65.3778,65.4235,172.3035,137,126847,4.0876,-2.7674
11/14/2017 20:15,456,1,138.8,22.9,57.95,80.85,0,62.2,62.3,149.5,0,A,9,1,1,166,290,878,115,A,Q1,0,0,0,0,0,0,0,0,231.7,1,0,1,28,A,1,0,0.7776,0.0042,99.146,0.0595,0,0,0.0085,0,568.548,100,79.7385,2.899,69.556,4.3782,4.192,24.4145,9.9622,62.1856,62.3479,149.4653,138,126848,3.0635,-3.6938
11/14/2017 20:15,459,1,139.7,38.1,50.8,88.9,0,61.7,61.8,147.8,0,A,9,1,1,169,293,878,115,A,Q1,0,0,0,0,0,0,0,0,229.6,1,0,1,28,A,1,0,5.3511,5.5058,88.696,0.0106,0,0,0.4344,0,990.1835,100,77.4115,1.221,77.6182,2.9948,5.7984,63.7854,15.4756,61.7335,61.7736,147.8042,141,126851,3.6064,-2.6997
11/14/2017 20:15,460,1,140,37.8,51.1,88.9,0,60.9,61,152.7,0,A,9,1,1,170,294,878,115,A,Q1,0,0,0,0,0,0,0,0,230,1,0,1,28,A,1,0,5.4918,0.2276,94.2068,0.0185,0,0,0.0492,0,796.7504,100,73.8537,2.067,87.3841,3.1103,4.0862,51.2511,8.2635,60.9326,60.9515,152.7397,142,126852,4.2419,-2.7057
11/14/2017 20:15,462,1,201.3,24.3,88.5,112.8,0,68.7,69,231.3,0,A,11,1,1,172,296,878,75,A,Q1,0,0,0,0,0,0,0,0,231.8,1,0,1,28,A,1,0,12.2888,0,87.6403,0.0634,0,0.003,0,0,4371.9697,67.7638,66.0215,1.4842,101.6615,2.6389,8.7817,88.9118,10.4913,68.697,69.0131,231.3428,144,126854,3.5146,0.9125
11/14/2017 20:15,464,1,125.5,24.2,50.65,74.85,0,60.1,60.2,139.7,0,A,9,1,1,174,298,878,115,A,Q1,0,0,0,0,0,0,0,0,230.3,1,0,1,28,A,1,0.0539,55.5354,31.174,12.2873,0.0022,0,0,0.936,0,838.275,100,76.7863,1.5274,72.5029,3.6363,5.6852,150.9066,12.8863,60.1496,60.1586,139.6803,146,126856,3.3217,-2.3606
11/14/2017 20:15,466,1,146.2,40.7,52.75,93.45,0,63.8,63.9,165.1,0,A,10,1,1,176,300,878,95,A,Q1,0,0,0,0,0,0,0,0,230.1,1,0,1,28,A,1,0,1.8048,1.2025,96.9123,0.0663,0,0,0.0141,0,973.2842,100,79.2766,1.5934,31.6806,3.8033,5.879,49.7808,15.7276,63.8183,63.9045,165.1308,148,126858,4.7424,-2.3298
11/14/2017 20:15,467,1,105.5,14.3,45.6,59.9,0,57.2,62.7,114.9,0,A,9,1,1,177,301,878,115,A,Q1,0,0,0,0,0,0,0,0,230.4,1,0,1,28,A,1,0,6.7066,0.1754,92.8353,0.0052,0,0,0.2696,0,222.0177,89.5074,82.3206,2.5949,0,2.7291,4.6329,55.8674,22.0063,57.23,62.6558,114.8838,149,126859,3.4231,-2.7746
11/14/2017 20:15,468,1,119.7,18.5,50.6,69.1,0,57.9,58,127.3,0,A,8,1,1,178,302,878,140,A,Q1,0,0,0,0,0,0,0,0,230.4,1,0,1,28,A,1,0,3.8047,0,96.0274,0,0,0.0648,0.096,0,691.6893,100,76.0204,1.9907,70.0478,3.2606,4.4151,44.3754,12.1492,57.9249,58.0055,127.295,150,126860,3.0352,-1.9724
11/14/2017 20:15,469,1,127.4,20.3,53.55,73.85,0,61.1,61.1,138.7,0,A,9,1,1,179,303,878,115,A,Q1,0,0,0,0,0,0,0,0,230.5,1,0,1,28,A,1,0,4.6235,4.4411,90.9131,0.0067,0,0,0.0133,0,614.4406,100,78.606,2.3645,80.017,3.38,6.9444,62.1258,30.2355,61.0985,61.1482,138.6912,151,126861,3.9073,-2.2802
11/14/2017 20:15,470,1,120.4,27.2,46.6,73.8,0,59.4,59.4,132.3,0,A,9,1,1,180,304,878,115,A,Q1,0,0,0,0,0,0,0,0,230,1,0,1,28,A,1,0,6.9237,5.2404,86.8843,0.0362,0,0,0.9085,0,494.3578,100,75.134,2.0329,61.9767,3.7387,5.21,69.6852,25.0068,59.359,59.4267,132.2692,152,126862,4.437,-1.4515
11/14/2017 20:15,471,1,134.6,35.2,49.7,84.9,0,60.8,60.9,149.7,0,A,9,1,1,181,305,878,115,A,Q1,0,0,0,0,0,0,0,0,229.6,1,0,1,28,A,1,0,0.8231,0.0719,99.0246,0.0783,0,0,0,0,695.2357,81.0264,75.0465,2.2543,56.6345,3.5915,4.1681,39.6194,11.3508,60.847,60.8951,149.6762,153,126863,3.4286,-3.7565
11/14/2017 20:15,472,1,120.1,29,45.55,74.55,0,58,58.1,127.8,0,A,8,1,1,182,306,878,140,A,Q1,0,0,0,0,0,0,0,0,230.5,1,0,1,28,A,1,0,1.7863,4.008,93.9845,0.0118,0,0,0.2048,0,521.7852,100,74.848,1.426,36.258,3.9149,5.32,44.7486,22.5904,58.0446,58.0707,127.822,154,126864,3.387,-2.3778
11/14/2017 20:15,473,1,126.4,30.3,48.05,78.35,0,59.1,59.3,137.7,0,A,9,1,1,183,307,878,115,A,Q1,0,0,0,0,0,0,0,0,230.9,1,0,1,28,A,1,0,5.6017,0,94.331,0.0045,0,0.0045,0.0538,0,617.6439,100,73.6206,1.315,61.5212,4.2087,7.044,56.3884,13.0221,59.0537,59.2934,137.6614,155,126865,3.4144,-4.0817
11/14/2017 20:15,476,1,138.7,18.2,60.25,78.45,0,61.3,61.5,153.3,0,A,9,1,1,186,310,878,115,A,Q1,0,0,0,0,0,0,0,0,231.7,1,0,1,28,A,1,0,10.6339,0.1608,88.9372,0.0186,0,0,0.2474,0,764.0788,100,75.0577,1.26,73.1765,4.6537,7.536,66.5261,11.9192,61.3115,61.4673,153.3139,158,126868,3.9795,-1.7202
11/14/2017 20:15,478,1,163.9,20.2,71.85,92.05,0,64.8,64.9,177.2,0,A,10,1,1,188,312,878,95,A,Q1,0,0,0,0,0,0,0,0,230.3,1,0,1,28,A,1,0,4.3573,1.0034,94.3478,0.0187,0,0.0523,0.2149,0,1816.8341,92.8488,74.5449,2.508,76.5522,3.0722,4.9767,61.2177,15.5106,64.7915,64.8631,177.2104,160,126870,3.539,-0.6739
11/14/2017 20:15,481,1,125.5,29.3,48.1,77.4,0,59.8,60,136.8,0,A,9,1,1,191,315,878,115,A,Q1,0,0,0,0,0,0,0,0,230.8,1,0,1,28,A,1,0,2.1915,0,97.7362,0.0633,0,0.0045,0,0,536.6926,100,76.8381,1.9082,63.5969,3.8141,4.3317,45.0047,15.8065,59.8442,59.9521,136.7865,163,126873,2.1221,-2.5814
11/14/2017 20:15,482,1,150.4,22.7,63.85,86.55,0,64.2,64.4,165,0,A,10,1,1,192,316,878,95,A,Q1,0,0,0,0,0,0,0,0,230.9,1,0,1,28,A,1,0,6.1659,0.562,92.9386,0.0278,0,0.0278,0.2721,0,687.4488,100,79.3263,2.09,59.2402,4.0148,4.1677,55.7723,13.2821,64.2401,64.3788,165.016,164,126874,3.9698,-1.122
11/14/2017 20:15,484,1,82.2,13.2,34.5,47.7,0,51.9,52,87.5,0,A,6,1,1,194,318,878,200,A,Q1,0,0,0,0,0,0,0,0,230.4,1,0,1,28,A,1,0,4.3614,0.4223,95.1393,0.0092,0,0,0.0586,0,126.6988,100,77.596,3.2934,60.6865,3.6878,7.1306,44.7979,8.3917,51.8783,52.0327,87.4943,166,126876,3.3964,-1.6285
11/14/2017 20:15,485,1,144.7,-2.5,73.6,71.1,0,59.6,59.7,153.6,0,A,9,1,1,195,319,878,115,A,Q1,0,0,0,0,0,0,0,0,230.8,1,0,1,28,A,1,0,10.917,0.2774,88.6477,0.0101,0,0,0.1417,0,759.7381,100,69.1906,1.1398,82.8061,2.418,5.7449,67.3707,7.696,59.6317,59.7373,153.5639,167,126877,3.3814,-1.9415
11/14/2017 20:15,486,1,116,16.6,49.7,66.3,0,58.8,58.9,126.7,0,A,8,1,1,196,320,878,140,A,Q1,0,0,0,0,0,0,0,0,230.6,1,0,1,28,A,1,0,4.8556,0,95.1207,0.0047,0,0,0.0142,0,891.1638,89.7288,78.9016,1.9766,75.1244,3.3445,4.8017,49.9186,8.3909,58.8154,58.8669,126.7157,168,126878,3.004,-3.5206
11/14/2017 20:15,487,1,122.4,24.8,48.8,73.6,0,59.7,59.8,135.8,0,A,9,1,1,197,321,878,115,A,Q1,0,0,0,0,0,0,0,0,230.4,1,0,1,28,A,1,0,7.303,0.4062,92.091,0.0045,0,0,0.193,0,565.5424,100,76.9984,2.6581,40.8882,3.0332,5.5283,66.497,7.5978,59.709,59.7945,135.834,169,126879,3.9291,-3.3081
11/14/2017 20:15,489,1,95.4,20.7,37.35,58.05,0,55.1,55.2,103,0,A,7,1,1,199,323,878,165,A,Q1,0,0,0,0,0,0,0,0,230.1,1,0,1,28,A,1,0,8.3626,0,91.6262,0,0,0,0.0056,0,312.9694,100,79.8008,3.059,62.9835,4.7185,7.3925,71.2759,7.9758,55.0995,55.2115,102.9717,171,126881,2.1319,-1.6344
11/14/2017 20:15,490,1,140.9,39.2,50.85,90.05,0,60,60.1,153.8,0,A,9,1,1,200,324,878,115,A,Q1,0,0,0,0,0,0,0,0,230.9,1,0,1,28,A,1,0,6.4254,0.6292,92.6609,0.0166,0,0,0.2637,0,572.5258,100,69.7319,1.3881,70.5524,3.1681,6.2398,62.6632,19.2613,59.9977,60.0619,153.8282,172,126882,2.714,-3.1582
11/14/2017 20:15,491,1,99.7,20.2,39.75,59.95,0,55.7,55.8,111.8,0,A,8,1,1,201,325,878,140,A,Q1,0,0,0,0,0,0,0,0,230.3,1,0,1,28,A,1,0,15.2556,5.0827,79.6098,0.0148,0,0,0.0321,0,506.2607,86.7502,71.8408,0.9079,84.3812,2.6322,8.0042,93.3847,20.0283,55.7181,55.7514,111.7699,173,126883,4.8082,-1.9231
11/14/2017 20:15,493,1,125.2,29.2,48,77.2,0,59.7,59.8,140.3,0,A,9,1,1,203,327,878,115,A,Q1,0,0,0,0,0,0,0,0,230.6,1,0,1,28,A,1,0,21.248,3.9904,74.4885,0,0,0,0.2666,0,1561.4047,85.8473,72.8038,0.7626,84.9468,2.3602,5.1931,105.9788,11.4074,59.7481,59.7904,140.3034,175,126885,4.1038,-3.1404
11/14/2017 20:15,494,1,138.8,21,58.9,79.9,0,62.2,62.2,156.3,0,A,9,1,1,204,328,878,115,A,Q1,0,0,0,0,0,0,0,0,230.8,1,0,1,28,A,1,0,58.1487,3.4089,38.2349,0.0455,0,0,0.1561,0,2114.8884,88.3017,72.987,1.6238,94.7776,3.1482,4.3389,128.6916,11.1589,62.2162,62.2323,156.2626,176,126886,3.6343,-1.1673
11/14/2017 20:15,497,1,145.6,31.4,57.1,88.5,0,61.8,61.8,162.1,0,A,9,1,1,207,331,878,115,A,Q1,0,0,0,0,0,0,0,0,230.4,1,0,1,28,A,1,0,2.7831,0,97.1459,0.0632,0,0,0.0039,0,1471.3352,94.2188,71.5707,1.3532,97.8001,3.0526,5.9147,54.4849,8.324,61.7545,61.8399,162.0815,179,126889,4.1063,-3.7225
11/14/2017 20:15,498,1,115.2,23.1,46.05,69.15,0,58,58,126.2,0,A,8,1,1,208,332,878,140,A,Q1,0,0,0,0,0,0,0,0,230.7,1,0,1,28,A,1,0,8.0688,0.0097,91.8874,0.0243,0,0,0.0024,0,487.2449,100,77.2077,1.7602,39.1631,2.1144,4.4149,65.5686,8.6797,57.9613,58.0494,126.1942,180,126890,2.9725,-3.4519
11/14/2017 20:15,499,1,129.5,18.1,55.7,73.8,0,61.1,61.1,144.1,0,A,9,1,1,209,333,878,115,A,Q1,0,0,0,0,0,0,0,0,230.6,1,0,1,28,A,1,0,27.5637,9.6049,62.4936,0.0042,0,0,0.3271,0,1038.7227,100,75.1076,2.3884,93.5782,2.4949,6.5241,109.3918,11.6118,61.0614,61.0745,144.0883,181,126891,3.1057,-2.6618
11/14/2017 20:15,500,1,141.7,18.6,61.55,80.15,0,62.5,62.5,158,0,A,9,1,1,210,0,878,115,A,Q1,0,0,0,0,0,0,0,0,230.3,1,0,1,28,A,1,0,2.5306,0.986,96.441,0.0343,0,0.006,0,0,969.4411,100,75.5183,1.282,60.3469,2.9752,4.8734,57.7569,16.7777,62.4838,62.5097,158.0039,182,126892,3.9856,-2.9657
11/14/2017 20:15,501,1,112.5,19.4,46.55,65.95,0,57.7,57.7,128.6,0,A,8,1,1,211,1,878,140,A,Q1,0,0,0,0,0,0,0,0,230.7,1,0,1,28,A,1,0.1764,57.7162,40.9583,0.2461,0.0162,0,0,0.8775,0,968.3267,89.5635,73.4561,2.4812,74.5377,3.457,5.1565,163.6746,12.3431,57.7078,57.7332,128.5676,183,126893,4.516,-2.06
11/14/2017 20:15,509,1,118.2,22.2,48,70.2,0,58,58,123.6,0,A,8,1,1,219,9,878,140,A,Q1,0,0,0,0,0,0,0,0,231.6,1,0,1,28,A,1,0,9.2694,7.1837,81.1276,0.0048,0,0,2.4098,0,338.1137,93.4321,76.4371,1.8933,67.6751,2.8835,6.4567,79.6283,44.5325,58.0014,58.0456,123.6178,191,126901,3.2971,-1.1487
11/14/2017 20:15,512,1,105.5,12.8,46.35,59.15,0,54,54.1,112.5,0,A,7,1,1,222,12,878,165,A,Q1,0,0,0,0,0,0,0,0,230.5,1,0,1,28,A,1,0,2.0666,0,97.9014,0.0321,0,0,0,0,338.3467,94.7924,67.6625,2.0782,108.5169,2.4551,5.6217,46.7973,7.1581,53.9792,54.0894,112.4766,194,126904,1.5161,-3.2315
11/14/2017 20:15,533,1,121.4,18.4,51.5,69.9,0,55.3,55.4,129,0,A,7,1,1,243,33,878,165,A,Q1,0,0,0,0,0,0,0,0,230.2,1,0,1,28,A,1,0,5.6647,0,94.3019,0.0245,0,0,0.0045,0,477.878,91.7402,64.2784,1.5481,86.147,3.3597,6.1046,50.36,7.5528,55.3029,55.3521,128.9857,215,126925,2.8472,-2.8966
11/14/2017 20:15,536,1,140.4,18.5,60.95,79.45,0,60.5,60.8,155.4,0,A,9,1,1,246,36,878,115,A,Q1,0,0,0,0,0,0,0,0,230.7,1,0,1,28,A,1,0,27.657,9.9212,62.0685,0.0582,0,0,0.2893,0,1894.0435,42.4515,67.2435,1.2754,89.3223,4.0142,5.962,107.1496,13.4781,60.5196,60.7683,155.3781,218,126928,3.8874,-0.5284
11/14/2017 20:15,538,1,107.3,30.2,38.55,68.75,0,56.4,56.5,115.3,0,A,8,1,1,248,38,878,140,A,Q1,0,0,0,0,0,0,0,0,230.1,1,0,1,28,A,1,0,8.0863,0.555,91.1662,0.0608,0,0,0.1216,0,256.8527,100,75.6477,2.332,80.3335,3.483,7.0512,72.1225,10.4705,56.4198,56.4767,115.3116,220,126930,3.3452,-3.9259
11/14/2017 20:15,542,1,133.2,39.1,47.05,86.15,0,58.4,58.4,143.5,0,A,8,1,1,252,42,878,140,A,Q1,0,0,0,0,0,0,0,0,231.7,1,0,1,28,A,1,0,2.7721,0.0022,97.1676,0.0388,0,0,0.0172,0,497.7125,100,69.6262,1.408,61.2342,2.6291,5.6359,48.9897,7.2192,58.3762,58.3988,143.5116,224,126934,3.6261,-3.5983
11/14/2017 20:15,546,1,135.2,-4.1,69.65,65.55,0,61.7,61.7,148,0,A,9,1,1,0,46,878,115,A,Q1,0,0,0,0,0,0,0,0,230.1,1,0,1,28,A,1,0,5.2486,0.0043,94.4684,0.0432,0,0,0.2333,0,368.8447,100,77.1494,1.6522,57.1478,3.6677,7.3852,55.6339,15.836,61.6904,61.7098,147.9618,228,126938,3.6504,-3.9403
11/14/2017 20:15,548,1,104.9,22.7,41.1,63.8,0,57.2,62.9,114.1,0,A,9,1,1,2,48,878,115,A,Q1,0,0,0,0,0,0,0,0,230.6,1,0,1,28,A,1,0,2.9866,0,96.9741,0.0288,0,0,0.0052,0,315.2969,100,80.1655,2.9128,0,3.549,6.0511,42.1955,9.7438,57.1549,62.9035,114.1289,230,126940,3.1406,-3.444
11/14/2017 20:15,549,1,146.1,26.2,59.95,86.15,0,62.7,62.8,166.9,0,A,9,1,1,3,49,878,115,A,Q1,0,0,0,0,0,0,0,0,230.7,1,0,1,28,A,1,0,2.5455,4.2353,93.1245,0.0868,0,0,0.002,0,1494.1604,66.8769,73.3507,1.6176,61.3422,2.8217,6.1123,62.0336,23.5321,62.666,62.8055,166.8979,231,126941,3.0464,-2.0587
11/14/2017 20:15,550,1,131.2,24.7,53.25,77.95,0,60.3,60.4,142.4,0,A,9,1,1,4,50,878,115,A,Q1,0,0,0,0,0,0,0,0,230.7,1,0,1,28,A,1,0,0.4164,0.5015,99.0531,0.0179,0,0,0.0067,0,560.9344,100,76.7703,1.0364,44.0782,4.7674,5.5496,34.9536,22.2497,60.289,60.3676,142.3559,232,126942,2.8457,-2.3055
11/14/2017 20:15,552,1,110.3,27.2,41.55,68.75,0,56.9,56.9,118.5,0,A,8,1,1,6,52,878,140,A,Q1,0,0,0,0,0,0,0,0,230.5,1,0,1,28,A,1,0,2.5819,0.0496,97.2868,0.0074,0,0,0.0694,0,328.4563,100,74.3714,1.7916,70.4764,2.7958,9.1584,42.5586,22.5344,56.9318,56.9486,118.5309,234,126944,2.3039,-2.5982
11/14/2017 20:15,554,1,126.2,25.2,50.5,75.7,0,59.3,59.3,139.6,0,A,9,1,1,8,54,878,115,A,Q1,0,0,0,0,0,0,0,0,230.6,1,0,1,28,A,1,0,4.8209,0.8013,94.2624,0.0675,0,0,0.0435,0,1305.337,100,72.928,1.6798,87.3424,2.764,5.7953,59.3517,8.8711,59.2718,59.3177,139.5804,236,126946,3.6815,-2.4531
11/14/2017 20:15,555,1,112.5,15.1,48.7,63.8,0,58.3,63.5,119.8,0,A,10,1,1,9,55,878,95,A,Q1,0,0,0,0,0,0,0,0,230.6,1,0,1,28,A,1,0,6.8961,0,93.0655,0.0179,0,0.0179,0,0,339.9918,100,81.8157,3.1305,0,4.3068,5.6607,52.7325,7.6715,58.2782,63.4737,119.811,237,126947,4.5532,-1.5333
11/14/2017 20:15,557,1,142.9,21.6,60.65,82.25,0,60.7,60.4,157.1,0,A,9,1,1,11,57,878,115,A,Q1,0,0,0,0,0,0,0,0,231.9,1,0,1,28,A,1,0,5.7717,3.6645,88.7295,0.078,0,0,1.7522,0,1448.4972,100,70.7613,1.4308,67.6627,2.3212,9.2076,67.3492,10.6939,60.7134,60.411,157.1018,239,126949,4.2965,-2.8625
11/14/2017 20:15,563,1,192.2,16,88.1,104.1,0,69.2,69.2,214.7,0,A,11,1,1,17,63,878,75,A,Q1,0,0,0,0,0,0,0,0,230.6,1,0,1,28,A,1,0,6.587,3.8427,89.4926,0.0162,0,0,0.0583,0,4339.4761,88.2388,73.7964,2.079,92.5388,2.6675,4.9001,70.3663,14.2841,69.1576,69.2026,214.7399,245,126955,3.306,-3.6566
11/14/2017 20:15,565,1,114.9,25.5,44.7,70.2,0,56.3,56.6,122.7,0,A,8,1,1,19,65,878,140,A,Q1,0,0,0,0,0,0,0,0,230.2,1,0,1,28,A,1,0,0,0,99.9889,0.0089,0,0,0,0,744.9641,54.4099,66.3612,1.2853,94.1009,2.4565,5.8018,34.7255,7.0478,56.2681,56.5907,122.6721,247,126957,4.0271,-1.2162
11/14/2017 20:15,566,1,157.4,24,66.7,90.7,0,64,64,174.7,0,A,10,1,1,20,66,878,95,A,Q1,0,0,0,0,0,0,0,0,230.6,1,0,1,28,A,1,0,8.1649,0.0855,91.6064,0.0223,0,0,0.1153,0,869.1099,100,73.9924,1.3199,104.4327,3.2263,4.1176,62.8996,12.9628,63.9832,64.0057,174.6911,248,126958,4.2501,-2.4217
11/14/2017 20:15,568,1,158.7,31.7,63.5,95.2,0,65.1,65.2,179.7,0,A,10,1,1,22,68,878,95,A,Q1,0,0,0,0,0,0,0,0,230,1,0,1,28,A,1,0.0018,15.5065,0.705,83.2576,0.0089,0,0.0408,0.4759,0,3753.1541,64.6305,71.8322,3.1478,95.5904,3.2646,4.9769,97.9696,18.268,65.0988,65.2091,179.6839,250,126960,3.1361,-2.8742
11/14/2017 20:15,569,1,127.2,9,59.1,68.1,0,59.4,59.5,139.1,0,A,9,1,1,23,69,878,115,A,Q1,0,0,0,0,0,0,0,0,230.4,1,0,1,28,A,1,0,2.474,0.0023,97.4986,0.0183,0,0,0,0,499.3718,100,76.2343,1.5666,56.7686,2.5063,6.0639,50.3527,10.0021,59.4027,59.4887,139.0873,251,126961,2.5483,-1.3285
11/14/2017 20:15,570,1,187.2,31.4,77.9,109.3,0,67,67.1,210.9,0,A,10,1,1,24,70,878,95,A,Q1,0,0,0,0,0,0,0,0,230.2,1,0,1,28,A,1,0,2.0051,0,97.9652,0.0265,0,0,0,0,2151.8923,70.5478,67.6053,0.9462,133.6306,2.5717,6.0796,31.7376,6.6624,66.9605,67.0868,210.8526,252,126962,4.4813,-3.4263
11/14/2017 20:15,573,1,154.5,40.2,57.15,97.35,0,65,71.8,168.7,0,A,11,1,1,27,73,878,75,A,Q1,0,0,0,0,0,0,0,0,230.7,1,0,1,28,A,1,0,7.8251,0,92.1059,0.0118,0,0,0.0533,0,930.0352,100,80.58,2.3597,0,3.398,5.7516,58.4259,8.5715,64.9502,71.8247,168.6814,255,126965,3.5751,-2.0986
11/14/2017 20:15,574,1,161.9,28.2,66.85,95.05,0,66.5,66.5,187.1,0,A,10,1,1,28,74,878,95,A,Q1,0,0,0,0,0,0,0,0,231.3,1,0,1,28,A,1,0,47.0638,2.2961,50.421,0.0435,0,0,0.1702,0,2421.7878,100,76.3863,2.1632,82.2153,2.8604,5.0079,119.1988,10.7341,66.4937,66.5348,187.0631,0,126966,4.0938,-1.8991
11/14/2017 20:15,575,1,103.9,20.7,41.6,62.3,0,56.5,56.6,113.9,0,A,8,1,1,29,75,878,140,A,Q1,0,0,0,0,0,0,0,0,230.4,1,0,1,28,A,1,0,9.81,3.5844,86.3042,0.0419,0,0,0.2515,0,242.1133,100,79.6449,2.2542,49.9877,2.3877,4.5969,65.2092,13.2848,56.4974,56.6326,113.8548,1,126967,2.5803,-0.6414
11/14/2017 20:15,576,1,108.3,27,40.65,67.65,0,58.8,60.3,110.9,0,A,9,1,1,30,76,878,115,A,Q1,0,0,0,0,0,0,0,0,230.5,1,0,1,28,A,1,0,0.2275,0,99.767,0,0,0,0,0,399.7896,83.1272,90.0344,7.9698,43.0827,5.1967,4.34,29.8471,11.6136,58.8224,60.3045,110.8686,2,126968,3.1247,-2.664
11/14/2017 20:15,578,1,146.2,18,64.1,82.1,0,61.1,61.3,157.5,0,A,9,1,1,32,78,878,115,A,Q1,0,0,0,0,0,0,0,0,230.8,1,0,1,28,A,1,0,3.4596,0.002,96.475,0.0225,0,0,0.0389,0,736.9427,93.8108,72.601,1.6758,82.5316,2.8213,5.5436,47.8615,11.263,61.1107,61.3077,157.5399,4,126970,2.7143,-0.4103
11/14/2017 20:15,579,1,164,24.3,69.85,94.15,0,66.2,66.2,184,0,A,10,1,1,33,79,878,95,A,Q1,0,0,0,0,0,0,0,0,231.7,1,0,1,28,A,1,0,2.2887,0.0691,97.5676,0.06,0,0,0.0146,0,2168.8662,100,76.3599,1.7393,93.8365,4.0914,5.5706,38.1328,9.5959,66.1583,66.2332,183.9877,5,126971,2.6435,-3.6001
11/14/2017 20:15,580,1,99.2,15,42.1,57.1,0,56.4,56.4,107,0,A,8,1,1,34,80,878,140,A,Q1,0,0,0,0,0,0,0,0,231.4,1,0,1,28,A,1,0,8.4848,8.6343,82.533,0.0054,0,0,0.3316,0,212.0449,92.2912,80.7432,2.1661,59.0731,3.8243,7.2216,72.8241,41.1194,56.351,56.4189,107.0089,6,126972,3.0773,-1.5345
11/14/2017 20:15,581,1,134,25,54.5,79.5,0,63.2,63.3,142.9,0,A,10,1,1,35,81,878,95,A,Q1,0,0,0,0,0,0,0,0,230.6,1,0,1,28,A,1,0,3.1335,0.0135,96.7968,0.0472,0,0.0045,0,0,955.1767,90.2705,87.0539,1.8102,32.1698,3.6874,5.8461,55.822,9.2137,63.1564,63.2797,142.929,7,126973,4.0153,-2.3825
11/14/2017 20:16,583,1,145.9,14.7,65.6,80.3,0,63,63.2,165.2,0,A,9,1,1,37,83,878,115,A,Q1,0,0,0,0,0,0,0,0,230.4,1,0,1,28,A,1,0.9682,72.1485,7.7994,18.5998,0.027,0,0,0.4513,0,1231.08,100,73.6815,0.9429,77.0555,2.8025,5.4069,153.7582,12.0867,63.0444,63.1993,165.2464,9,126975,2.6217,-1.8206
11/14/2017 20:16,584,1,126.3,18.7,53.8,72.5,0,59,59.1,139.3,0,A,8,1,1,38,84,878,140,A,Q1,0,0,0,0,0,0,0,0,230.6,1,0,1,28,A,1,0,6.5409,0.2217,93.1288,0.0413,0,0,0.063,0,985.2338,100,72.6057,2.6755,48.6941,3.3207,4.3113,58.9637,7.8998,58.9507,59.0901,139.3047,10,126976,2.9659,-0.4704
11/14/2017 20:16,585,1,116.8,18.8,49,67.8,0,57.5,57.5,127.1,0,A,8,1,1,39,85,878,140,A,Q1,0,0,0,0,0,0,0,0,230.6,1,0,1,28,A,1,0,5.1286,0,94.8714,0,0,0,0,0,464.9821,89.4582,70.865,1.6683,94.2539,3.476,5.7542,42.8404,10.1274,57.4622,57.4964,127.1328,11,126977,2.956,-2.6058
11/14/2017 20:16,587,1,186.2,27.7,79.25,106.95,0,67.1,67.5,206.1,0,A,10,1,1,41,87,878,95,A,Q1,0,0,0,0,0,0,0,0,229.9,1,0,1,28,A,1,0,2.8937,0,97.011,0.0612,0,0,0.0289,0,1783.7051,81.6039,71.7607,2.6763,56.2097,6.1278,8.256,61.1897,11.8469,67.0561,67.4779,206.1226,13,126979,3.0688,-0.6517
11/14/2017 20:16,588,1,109.4,15.2,47.1,62.3,0,57.4,57.2,117.7,0,A,8,1,1,42,88,878,140,A,Q1,0,0,0,0,0,0,0,0,231,1,0,1,28,A,1,0,3.5189,2.199,94.1327,0.0887,0,0,0.0557,0,302.0974,100,80.8573,3.3433,45.5563,4.3068,5.6103,54.5587,10.9732,57.3611,57.2422,117.6851,14,126980,4.0826,-1.7475
11/14/2017 20:16,591,1,145.4,29.5,57.95,87.45,0,63,63,164,0,A,9,1,1,45,91,878,115,A,Q1,0,0,0,0,0,0,0,0,231.7,1,0,1,28,A,1,0,3.1192,0.124,96.6467,0.068,0,0,0.038,0,1500.952,89.9653,74.6088,1.0653,75.4605,3.5534,5.3279,48.7563,11.2053,62.9639,62.9922,163.9933,17,126983,1.3962,-2.1213
11/14/2017 20:16,592,1,146.2,19,63.6,82.6,0,62.9,63,157.6,0,A,9,1,1,46,92,878,115,A,Q1,0,0,0,0,0,0,0,0,230.2,1,0,1,28,A,1,0,6.0695,0.8315,93.0276,0.0143,0,0,0.0552,0,963.873,38.5882,77.7312,1.5864,79.8093,3.3611,7.7736,60.4702,12.6054,62.8685,62.9959,157.5631,18,126984,3.7438,-1.2766
11/14/2017 20:16,594,1,172.9,28.5,72.2,100.7,0,64.6,64.7,200.1,0,A,10,1,1,48,94,878,95,A,Q1,0,0,0,0,0,0,0,0,230,1,0,1,28,A,1,0.0049,33.8007,17.2031,48.4861,0.0648,0,0,0.4339,0,2510.6746,74.7062,65.6858,1.3516,136.0803,2.3601,4.3106,120.398,15.1962,64.6248,64.7216,200.1157,20,126986,1.7442,-2.6342
11/14/2017 20:16,595,1,135,26.5,54.25,80.75,0,61.7,61.7,148.9,0,A,9,1,1,49,95,878,115,A,Q1,0,0,0,0,0,0,0,0,230.7,1,0,1,28,A,1,0,4.8198,0,95.0982,0.0669,0,0.0043,0.0022,0,432.4515,100,78.3318,2.3939,48.6935,2.7447,5.2702,52.126,7.9382,61.7235,61.7298,148.8597,21,126987,3.3507,-2.8434
11/14/2017 20:16,596,1,122.9,18.4,52.25,70.65,0,59.3,59.4,130.9,0,A,9,1,1,50,96,878,115,A,Q1,0,0,0,0,0,0,0,0,230.7,1,0,1,28,A,1,0,5.5204,2.2307,92.0615,0.0094,0,0,0.171,0,699.4108,94.3891,77.8579,2.7322,71.4715,3.4366,6.3675,69.5485,20.9839,59.2536,59.372,130.8656,22,126988,2.28,-1.2417
11/14/2017 20:16,597,1,111.8,25.2,43.3,68.5,0,57.9,58,120.9,0,A,8,1,1,51,97,878,140,A,Q1,0,0,0,0,0,0,0,0,230.6,1,0,1,28,A,1,0,0.1343,0,99.8035,0.0572,0,0,0,0,455.8173,100,77.9741,2.9619,43.8488,2.7295,6.4076,24.2875,7.6958,57.8756,58.0359,120.8633,23,126989,2.9837,-3.9515
11/14/2017 20:16,598,1,101.3,21.9,39.7,61.6,0,56.7,56.7,113.1,0,A,8,1,1,52,98,878,140,A,Q1,0,0,0,0,0,0,0,0,231.8,1,0,1,28,A,1,2.7615,82.4467,14.1323,0.018,0,0,0.0361,0.6002,0,638.1097,100,78.4365,1.9137,74.4637,3.2091,4.8568,184.0372,13.8663,56.6812,56.7187,113.1141,24,126990,3.8334,-3.0814
11/14/2017 20:16,599,1,89.9,18.8,35.55,54.35,0,53.9,54,92.9,0,A,7,1,1,53,99,878,165,A,Q1,0,0,0,0,0,0,0,0,230.1,1,0,1,28,A,1,0,1.5034,0,98.4846,0.006,0,0,0,0,52.9556,100,83.535,1.8039,31.9745,2.4564,6.4552,33.3087,6.5955,53.8845,54.0188,92.895,25,126991,1.7851,-3.2239
11/14/2017 20:16,600,1,136.8,-48.6,92.7,44.1,0,62.3,63.4,144.5,0,A,10,1,1,54,100,878,95,A,Q1,0,0,0,0,0,0,0,0,230,1,0,1,28,A,1,0,8.0127,0.0276,91.8399,0,0,0,0.1174,0,1289.9198,92.9511,84.9293,25.7227,62.6254,5.1331,18.5069,67.9062,9.6579,62.2503,63.429,144.49,26,126992,2.3314,-2.3913
11/14/2017 20:16,604,1,102.6,23.9,39.35,63.25,0,56,56.1,110,0,A,8,1,1,58,104,878,140,A,Q1,0,0,0,0,0,0,0,0,231.1,1,0,1,28,A,1,0,5.0931,0,94.8318,0.0724,0,0,0,0,306.395,100,76.903,2.0287,53.8232,4.0321,8.6848,52.8826,11.8317,55.988,56.0561,109.9883,30,126996,3.8117,-3.4479
11/14/2017 20:16,609,1,131.8,18,56.9,74.9,0,59.9,60.2,141.1,0,A,9,1,1,63,109,878,115,A,Q1,0,0,0,0,0,0,0,0,230.2,1,0,1,28,A,1,0,7.4899,0.6577,91.7912,0.0044,0,0,0.0524,0,957.5151,88.9814,76.082,2.2132,58.9649,2.6102,4.488,58.8537,31.0757,59.9391,60.2454,141.0588,35,127001,1.8899,-1.91
11/14/2017 20:16,616,1,116.5,27.5,44.5,72,0,59.4,59.3,123.8,0,A,9,1,1,70,116,878,115,A,Q1,0,0,0,0,0,0,0,0,230.6,1,0,1,28,A,1,0,0.656,0,99.3366,0.0024,0,0,0,0,681.0507,100,81.3621,2.0124,48.9677,4.302,5.5184,40.3893,7.7243,59.3572,59.3212,123.8482,42,127008,2.4043,-3.3426
11/14/2017 20:16,617,1,104,20.4,41.8,62.2,0,57,57.1,111.3,0,A,8,1,1,71,117,878,140,A,Q1,0,0,0,0,0,0,0,0,230.6,1,0,1,28,A,1,0,9.741,5.9375,83.9324,0.0188,0,0,0.3677,0,333.2713,100,82.3515,3.4776,46.6561,2.6617,7.793,72.4342,16.8325,57.0336,57.1065,111.2965,43,127009,2.8482,-0.4635
11/14/2017 20:16,619,1,141.2,23.2,59,82.2,0,61.6,61.7,155.9,0,A,9,1,1,73,119,878,115,A,Q1,0,0,0,0,0,0,0,0,230,1,0,1,28,A,1,0,8.6797,4.3203,86.2745,0.0021,0,0,0.7194,0,854.6252,100,74.0034,1.6963,82.9491,3.4187,5.8186,82.8933,9.0372,61.5876,61.7312,155.9255,45,127011,3.5039,-0.3256
11/14/2017 20:16,624,1,142.2,31.3,55.45,86.75,0,62.1,62.1,155.8,0,A,9,1,1,78,124,878,115,A,Q1,0,0,0,0,0,0,0,0,230.1,1,0,1,28,A,1,0.0061,68.6327,27.7661,2.5518,0.0061,0,0,1.0292,0,1467.6404,100,75.5686,1.2348,107.129,2.3025,4.3672,157.2963,10.6366,62.0713,62.1251,155.7682,50,127016,3.1511,-1.3675
11/14/2017 20:16,629,1,123.1,23.1,50,73.1,0,59,59.1,135.3,0,A,8,1,1,83,129,878,140,A,Q1,0,0,0,0,0,0,0,0,230,1,0,1,28,A,1,0,5.4546,0,94.5116,0.0203,0,0,0.0113,0,501.7975,100,73.8691,2.0667,69.5579,3.3602,6.0263,55.9842,8.9216,59.0328,59.0806,135.2602,55,127021,3.0079,-2.8612
11/14/2017 20:16,632,1,135.8,21.3,57.25,78.55,0,60.9,60.9,145.9,0,A,9,1,1,86,132,878,115,A,Q1,0,0,0,0,0,0,0,0,230.5,1,0,1,28,A,1,0,0.0683,0,99.8762,0.0534,0,0,0,0,659.3254,100,75.966,1.554,62.8532,3.2829,4.6851,30.8866,7.6288,60.9072,60.9307,145.8761,58,127024,2.2256,-2.6318
11/14/2017 20:16,634,1,154.5,25.2,64.65,89.85,0,64.4,70.7,164.7,0,A,11,1,1,88,134,878,75,A,Q1,0,0,0,0,0,0,0,0,230.3,1,0,1,28,A,1,0,1.7676,0,98.1488,0.0693,0,0,0.0122,0,1122.7789,84.9565,81.396,2.5095,0,3.4568,4.7382,38.7848,9.0349,64.4343,70.6574,164.7197,60,127026,3.0179,-2.2641
11/14/2017 20:16,635,1,120.3,25,47.65,72.65,0,60.4,60.9,132.8,0,A,9,1,1,89,135,878,115,A,Q1,0,0,0,0,0,0,0,0,229.9,1,0,1,28,A,1,0,30.1304,0,69.6226,0.0115,0,0.0392,0.1916,0,1018.5106,100,80.665,3.592,54.7511,5.2533,5.1558,97.4842,14.9817,60.4154,60.8833,132.838,61,127027,4.5254,-3.81
11/14/2017 20:16,636,1,127.2,21.3,52.95,74.25,0,60.3,60.7,139.7,0,A,9,1,1,90,136,878,115,A,Q1,0,0,0,0,0,0,0,0,230.7,1,0,1,28,A,1,0,1.7452,1.2261,96.9816,0.0403,0,0.0022,0,0,878.2768,89.222,76.1242,1.917,52.7524,3.4745,6.9205,56.5132,8.1337,60.3343,60.6852,139.6628,62,127028,4.0493,-3.4068
11/14/2017 20:16,637,1,136,36.7,49.65,86.35,0,62.2,62.3,156.7,0,A,9,1,1,91,137,878,115,A,Q1,0,0,0,0,0,0,0,0,231.3,1,0,1,28,A,1,0,43.265,31.208,24.8528,0,0,0.0146,0.6534,0,959.3922,100,76.0901,1.5099,56.4076,3.8953,5.7156,134.291,17.6912,62.1943,62.2508,156.7223,63,127029,3.8571,-3.8403
11/14/2017 20:16,638,1,104.2,21.2,41.5,62.7,0,55.9,56.4,112.3,0,A,8,1,1,92,138,878,140,A,Q1,0,0,0,0,0,0,0,0,230.6,1,0,1,28,A,1,0,2.0556,0,97.8844,0.047,0,0.0078,0,0,263.8972,100,76.6988,1.9258,30.4865,2.6617,4.4155,42.7557,10.735,55.9197,56.4106,112.3484,64,127030,3.4496,-2.9798
11/14/2017 20:16,640,1,125.6,20.5,52.55,73.05,0,58.5,58.6,131.5,0,A,8,1,1,94,140,878,140,A,Q1,0,0,0,0,0,0,0,0,230.1,1,0,1,28,A,1,0,5.8471,0.4062,93.6726,0.0669,0,0,0,0,569.7016,100,75.7672,3.8747,39.6493,4.2175,7.7872,58.3453,8.2177,58.5353,58.569,131.4794,66,127032,2.4712,-3.4946
11/14/2017 20:16,641,1,114.2,27.2,43.5,70.7,0,57.2,57.3,124.9,0,A,8,1,1,95,141,878,140,A,Q1,0,0,0,0,0,0,0,0,230.6,1,0,1,28,A,1,0,3.6631,2.502,93.5871,0.0972,0,0,0.1457,0,344.975,100,75.0718,2.5761,28.1696,2.8324,4.6857,50.2105,27.4404,57.2353,57.2729,124.9265,67,127033,3.6892,-2.4092
11/14/2017 20:16,643,1,116.7,18.6,49.05,67.65,0,57.1,57.3,125.2,0,A,8,1,1,97,143,878,140,A,Q1,0,0,0,0,0,0,0,0,230.5,1,0,1,28,A,1,0,1.6739,0,98.2597,0.0527,0,0.0092,0,0,612.4756,100,70.1008,1.6772,79.2946,3.4567,7.3896,47.5517,9.073,57.0846,57.265,125.2493,69,127035,3.5942,-0.8658
11/14/2017 20:16,645,1,106.8,24.4,41.2,65.6,0,56.9,57.1,116.6,0,A,8,1,1,99,145,878,140,A,Q1,0,0,0,0,0,0,0,0,230.4,1,0,1,28,A,1,0,10.5169,14.8513,74.0903,0,0,0,0.534,0,935.433,100,76.0074,3.0446,71.7627,3.9614,5.5242,80.9632,25.0493,56.9103,57.0853,116.6268,71,127037,1.1519,-3.6058
11/14/2017 20:16,646,1,116.7,25.5,45.6,71.1,0,56.1,56.2,124.6,0,A,8,1,1,100,146,878,140,A,Q1,0,0,0,0,0,0,0,0,230.4,1,0,1,28,A,1,0,0.055,0,99.9402,0,0,0,0,0,331.7668,100,70.9179,2.171,82.654,2.5908,6.2841,31.5195,6.5383,56.1173,56.155,124.5664,72,127038,2.4644,-1.7269
11/14/2017 20:16,651,1,139.3,18.9,60.2,79.1,0,61.2,61.2,151.7,0,A,9,1,1,105,151,878,115,A,Q1,0,0,0,0,0,0,0,0,229.8,1,0,1,28,A,1,0,5.1471,2.5577,92.1473,0.0148,0,0,0.1267,0,755.1488,100,74.7923,1.2322,29.7162,2.6869,5.5647,66.7752,10.7987,61.1563,61.2283,151.7455,77,127043,2.4269,-3.3316
11/14/2017 20:16,652,1,127.1,37.7,44.7,82.4,0,60.3,60.4,136.5,0,A,9,1,1,106,152,878,115,A,Q1,0,0,0,0,0,0,0,0,230.2,1,0,1,28,A,1,0,1.9539,0,98.0345,0.0046,0,0,0,0,363.0113,100,81.0021,3.6777,61.8291,4.7458,3.7271,38.6032,11.4755,60.339,60.39,136.5019,78,127044,3.3244,-1.8883
11/14/2017 20:16,654,1,121.4,24.8,48.3,73.1,0,58.8,58.9,130.8,0,A,8,1,1,108,154,878,140,A,Q1,0,0,0,0,0,0,0,0,230,1,0,1,28,A,1,0,8.9136,0.9961,89.8976,0.0235,0,0,0.1668,0,733.0197,100,75.8981,2.3937,53.8188,3.4762,6.6098,69.2777,18.414,58.7591,58.8724,130.8236,80,127046,3.0639,-1.5165
11/14/2017 20:16,656,1,132.3,22.7,54.8,77.5,0,60.1,60.2,143.5,0,A,9,1,1,110,156,878,115,A,Q1,0,0,0,0,0,0,0,0,231,1,0,1,28,A,1,0,7.6683,0.5978,91.7001,0.0232,0,0,0.0042,0,525.704,94.178,73.2896,1.554,79.7272,2.8559,7.6702,58.2277,8.87,60.1148,60.1958,143.4951,82,127048,1.2817,-3.7252
11/14/2017 20:16,657,1,92.7,25.2,33.75,58.95,0,53.9,54,101.8,0,A,7,1,1,111,157,878,165,A,Q1,0,0,0,0,0,0,0,0,230.3,1,0,1,28,A,1,0,9.2301,8.1887,82.0893,0.0137,0,0,0.4701,0,277.2065,100,74.4806,1.8273,78.2244,2.5247,5.3077,81.6722,21.4824,53.9039,53.9558,101.8132,83,127049,2.3686,-3.0462
11/14/2017 20:16,658,1,137,20.8,58.1,78.9,0,61.8,61.9,150.5,0,A,9,1,1,112,158,878,115,A,Q1,0,0,0,0,0,0,0,0,229.8,1,0,1,28,A,1,0,4.2454,0.8663,94.8336,0.0126,0,0,0.0336,0,1157.741,100,77.7384,2.9918,70.7088,2.7253,5.5758,56.6029,11.1237,61.7731,61.8747,150.5038,84,127050,2.5804,-1.5495
11/14/2017 20:16,659,1,101.4,16.3,42.55,58.85,0,56,56,108.7,0,A,8,1,1,113,159,878,140,A,Q1,0,0,0,0,0,0,0,0,230.1,1,0,1,28,A,1,0,7.3276,9.2902,82.6611,0.0053,0,0,0.7079,0,161.5673,100,79.37,3.6482,68.3026,3.072,6.9649,64.4367,14.8479,55.9635,56.0029,108.6862,85,127051,2.8868,-2.5086
11/14/2017 20:16,660,1,112,25,43.5,68.5,0,57,57.1,120.2,0,A,8,1,1,114,160,878,140,A,Q1,0,0,0,0,0,0,0,0,230.6,1,0,1,28,A,1,0,4.4239,0.0302,95.3522,0.005,0,0,0.1861,0,574.532,100,78.7398,2.2444,55.7019,4.509,5.5798,60.2255,14.6605,57.0384,57.1282,120.2132,86,127052,2.9321,-2.8982
11/14/2017 20:16,661,1,140.6,8.3,66.15,74.45,0,63.1,63.1,154.4,0,A,9,1,1,115,161,878,115,A,Q1,0,0,0,0,0,0,0,0,230.3,1,0,1,28,A,1,0,5.3166,0,94.6645,0.0042,0,0.0021,0.0105,0,628.3569,100,80.3953,2.3794,73.5121,3.8898,6.1548,57.277,8.3622,63.0791,63.1465,154.4007,87,127053,4.2999,-1.2664
11/14/2017 20:16,662,1,125.6,26,49.8,75.8,0,59.8,59.9,135.5,0,A,9,1,1,116,162,878,115,A,Q1,0,0,0,0,0,0,0,0,230.4,1,0,1,28,A,1,0,6.4262,0.1712,92.8844,0.0231,0,0,0.4904,0,877.6229,100,77.1625,2.7046,61.4304,2.4313,5.2554,66.9454,8.873,59.8106,59.8774,135.5344,88,127054,4.3297,-4.132
11/14/2017 20:16,664,1,122.1,25.6,48.25,73.85,0,60,60.3,132.9,0,A,9,1,1,118,164,878,115,A,Q1,0,0,0,0,0,0,0,0,230.5,1,0,1,28,A,1,0,8.7628,0,91.1461,0.0654,0,0.0187,0.0047,0,259.2309,100,78.8165,2.5061,76.4647,3.8251,5.4377,73.6822,8.9073,59.9963,60.2908,132.894,90,127056,2.9099,-2.7944
11/14/2017 20:16,665,1,103.5,26.2,38.65,64.85,0,55.6,55.7,108.8,0,A,8,1,1,119,165,878,140,A,Q1,0,0,0,0,0,0,0,0,229.9,1,0,1,28,A,1,0,2.9355,0.1531,96.9035,0.0026,0,0,0,0,328.0467,100,76.8747,1.9258,64.3727,2.5928,5.0944,41.778,17.5772,55.6067,55.6599,108.7753,91,127057,2.9161,-3.0982
11/14/2017 20:16,667,1,113.7,12.7,50.5,63.2,0,58.6,64.3,121.9,0,A,10,1,1,121,167,878,95,A,Q1,0,0,0,0,0,0,0,0,230.2,1,0,1,28,A,1,0,8.9948,5.0821,85.311,0.0625,0,0,0.5397,0,625.2675,100,79.6031,1.7098,0,4.0305,7.1921,68.9297,10.7889,58.5776,64.2782,121.9476,93,127059,5.0485,-1.8519
11/14/2017 20:16,669,1,129.4,25.4,52,77.4,0,59.9,60,137.7,0,A,9,1,1,123,169,878,115,A,Q1,0,0,0,0,0,0,0,0,230.2,1,0,1,28,A,1,0,11.2727,5.5631,82.5202,0,0,0.0022,0.6351,0,948.3818,82.2553,76.3292,1.3382,63.0206,3.6081,5.5614,81.577,47.7699,59.8904,59.9635,137.7105,95,127061,4.3853,-3.5833
11/14/2017 20:16,671,1,140.7,17.3,61.7,79,0,60.9,60.9,153.6,0,A,9,1,1,125,171,878,115,A,Q1,0,0,0,0,0,0,0,0,230.6,1,0,1,28,A,1,0,11.9668,0.3091,87.6847,0.0166,0,0,0.0166,0,785.3199,100,72.8103,1.9723,57.096,3.2446,4.4496,77.1449,10.8857,60.8743,60.9237,153.6243,97,127063,3.5009,-3.8644
11/14/2017 20:16,673,1,146.5,19.3,63.6,82.9,0,62.5,62.5,162.5,0,A,9,1,1,127,173,878,115,A,Q1,0,0,0,0,0,0,0,0,230.2,1,0,1,28,A,1,0,5.1098,0,94.8742,0.01,0,0,0.002,0,1456.5487,90.0671,74.2627,0.8209,70.0702,2.8793,5.2548,49.4559,8.4918,62.464,62.507,162.5115,99,127065,3.532,-2.9182
11/14/2017 20:16,674,1,107.1,39.6,33.75,73.35,0,55.7,55.7,114.4,0,A,8,1,1,128,174,878,140,A,Q1,0,0,0,0,0,0,0,0,229.9,1,0,1,28,A,1,0,3.2652,0,96.7169,0.0051,0,0,0.0051,0,294.7037,100,76.0553,1.2451,47.9053,3.1401,5.3942,44.5403,7.0535,55.6982,55.725,114.3719,100,127066,3.1249,-2.9149
11/14/2017 20:16,675,1,120.6,25.4,47.6,73,0,58.1,58.2,131.4,0,A,8,1,1,129,175,878,140,A,Q1,0,0,0,0,0,0,0,0,230.6,1,0,1,28,A,1,0,3.0634,1.786,94.8412,0.0141,0,0,0.2906,0,497.3925,82.0793,75.4022,2.9259,67.8582,2.4553,4.0373,52.3125,23.2764,58.1217,58.2308,131.427,101,127067,2.786,-2.9648
11/14/2017 20:16,678,1,117.8,19.3,49.25,68.55,0,58.5,65.2,126.3,0,A,10,1,1,132,178,878,95,A,Q1,0,0,0,0,0,0,0,0,230.5,1,0,1,28,A,1,0,1.9187,0.0362,98.0064,0.0266,0,0,0.0072,0,247.8092,100,77.5682,2.962,0,3.7556,7.0943,31.7956,9.5232,58.4941,65.1574,126.2657,104,127070,4.7847,-3.994
11/14/2017 20:16,680,1,109,29.4,39.8,69.2,0,56.9,56.9,118.3,0,A,8,1,1,134,180,878,140,A,Q1,0,0,0,0,0,0,0,0,230.6,1,0,1,28,A,1,0,13.5648,1.8182,84.5085,0.0151,0,0.053,0.0353,0,681.1243,100,77.3307,3.4779,66.7089,3.2089,6.9071,82.7747,13.7028,56.9081,56.9219,118.2659,106,127072,2.8585,-2.258
11/14/2017 20:16,681,1,128.1,27.4,50.35,77.75,0,59.1,59.2,143.3,0,A,9,1,1,135,181,878,115,A,Q1,0,0,0,0,0,0,0,0,231.5,1,0,1,28,A,1,0,6.4912,10.0221,83.3194,0.0257,0,0,0.1351,0,429.4814,87.7531,71.5957,1.0763,59.6197,2.4947,5.6429,80.2988,27.1788,59.1186,59.1765,143.3361,107,127073,3.7561,-2.9425
11/14/2017 20:16,682,1,149.6,25,62.3,87.3,0,62.7,62.8,168.7,0,A,9,1,1,136,182,878,115,A,Q1,0,0,0,0,0,0,0,0,230.4,1,0,1,28,A,1,0,5.6302,5.7972,88.4382,0.0038,0,0,0.1286,0,1893.0159,100,70.5225,1.2939,99.5604,2.2642,5.2661,68.5712,19.9637,62.7302,62.7791,168.6792,108,127074,4.5276,-1.2857
11/14/2017 20:16,683,1,122.6,35.9,43.35,79.25,0,54.4,54.6,131,0,A,7,1,1,137,183,878,165,A,Q1,0,0,0,0,0,0,0,0,230.5,1,0,1,28,A,1,0,3.4909,0,96.4781,0.0288,0,0,0,0,446.6279,83.4302,62.8524,1.1258,111.9943,4.1095,4.8835,53.2432,7.8767,54.4387,54.5834,131.0481,109,127075,5.4682,-2.4027
11/14/2017 20:16,688,1,121.3,19.7,50.8,70.5,0,58.6,58.7,127.3,0,A,8,1,1,142,188,878,140,A,Q1,0,0,0,0,0,0,0,0,230,1,0,1,28,A,1,0,0.9532,0,98.9871,0.0311,0,0,0.0239,0,408.1247,92.4623,77.7402,2.4165,51.515,4.1671,5.9372,34.3007,8.7132,58.605,58.6945,127.3203,114,127080,4.005,-2.1207
11/14/2017 20:16,689,1,124.6,31.6,46.5,78.1,0,59.4,59.6,137.6,0,A,9,1,1,143,189,878,115,A,Q1,0,0,0,0,0,0,0,0,231.8,1,0,1,28,A,1,0,7.5391,1.5628,90.5393,0.0273,0,0,0.3248,0,566.1366,100,75.3865,3.1493,90.6672,3.4961,4.6431,69.3582,14.45,59.3965,59.6238,137.5911,115,127081,3.9506,-3.3765
11/14/2017 20:16,694,1,158.2,26.4,65.9,92.3,0,64.8,64.9,174.4,0,A,10,1,1,148,194,878,95,A,Q1,0,0,0,0,0,0,0,0,230.8,1,0,1,28,A,1,0,3.4948,0,96.4496,0.0499,0,0,0,0,1142.4302,100,77.6986,1.524,77.7269,4.1314,3.1896,52.4304,9.6865,64.8201,64.8683,174.4351,120,127086,4.0853,-2.5097
11/14/2017 20:16,697,1,131.7,13.8,58.95,72.75,0,59.6,59.7,143.8,0,A,9,1,1,151,197,878,115,A,Q1,0,0,0,0,0,0,0,0,230.7,1,0,1,28,A,1,0,5.993,0.2317,93.6704,0.0415,0,0.0066,0.0503,0,916.0352,88.3616,73.3509,1.289,39.9943,3.6864,4.8195,59.0969,10.4275,59.5754,59.6595,143.7621,123,127089,3.9771,-0.4944
11/14/2017 20:16,701,1,110.1,22.2,43.95,66.15,0,56.4,56.4,115.8,0,A,8,1,1,155,201,878,140,A,Q1,0,0,0,0,0,0,0,0,230.3,1,0,1,28,A,1,0,10.8969,6.5057,81.5675,0,0,0,1.0224,0,309.3937,100,75.2347,2.4211,53.7122,3.8254,5.3507,78.4451,12.3637,56.3545,56.4333,115.8242,127,127093,4.8128,-3.8198
11/14/2017 20:16,713,1,108.8,24.5,42.15,66.65,0,54.8,55,114.3,0,A,7,1,1,167,213,878,165,A,Q1,0,0,0,0,0,0,0,0,230.3,1,0,1,28,A,1,0,2.6604,0,97.3191,0.0153,0,0,0,0,657.4766,87.4988,72.8296,1.2484,50.2089,4.9241,4.4551,47.6414,7.7083,54.7741,55.0044,114.2535,139,127105,3.4493,-3.0594
11/14/2017 20:16,722,1,139.4,19.2,60.1,79.3,0,59.8,60,150.2,0,A,9,1,1,176,222,878,115,A,Q1,0,0,0,0,0,0,0,0,230.4,1,0,1,28,A,1,0,10.2069,1.5218,87.2512,0.0021,0,0,1.0139,0,721.7953,100,70.0158,1.3243,83.852,2.36,6.7163,82.5873,10.3646,59.8225,60.0221,150.1868,148,127114,4.1264,-2.5817
11/14/2017 20:16,727,1,109.9,37.5,36.2,73.7,0,56.8,56.8,117.1,0,A,8,1,1,181,227,878,140,A,Q1,0,0,0,0,0,0,0,0,230.2,1,0,1,28,A,1,0,6.1326,2.1902,90.518,0.0025,0,0,1.1566,0,204.8763,100,75.9066,1.1786,57.3568,2.6613,5.5518,59.5411,11.1707,56.7602,56.7755,117.1449,153,127119,4.938,-2.4404
11/14/2017 20:16,729,1,106,20,43,63,0,55,55.1,110.7,0,A,7,1,1,183,229,878,165,A,Q1,0,0,0,0,0,0,0,0,230.6,1,0,1,28,A,1,0,5.8836,0,94.0622,0.0077,0,0,0.0439,0,337.8237,100,75.5629,1.3278,50.1258,3.1401,4.9597,34.8607,8.8715,55.0436,55.1339,110.6929,155,127121,4.3791,-1.7942
11/14/2017 20:16,732,1,149.4,13.7,67.85,81.55,0,62.9,62.9,160.8,0,A,9,1,1,186,232,878,115,A,Q1,0,0,0,0,0,0,0,0,230.9,1,0,1,28,A,1,0,5.5856,0.2993,93.9128,0.0413,0,0.0351,0.1197,0,977.816,100,77.595,2.6009,65.3958,4.9032,3.8962,65.1865,18.1225,62.8877,62.946,160.7763,158,127124,3.7545,-3.2987
11/14/2017 20:16,736,1,135.8,19.2,58.3,77.5,0,61.1,61.1,148.5,0,A,9,1,1,190,236,878,115,A,Q1,0,0,0,0,0,0,0,0,230,1,0,1,28,A,1,0,7.0624,0,92.9127,0.0062,0,0.0062,0.0104,0,967.8692,100,74.2223,1.399,87.9032,3.6882,5.3467,53.5506,8.2908,61.0761,61.0996,148.5225,162,127128,4.8478,-3.1024
11/14/2017 20:16,740,1,126.8,21.5,52.65,74.15,0,60.8,60.9,141.9,0,A,9,1,1,194,240,878,115,A,Q1,0,0,0,0,0,0,0,0,230.3,1,0,1,28,A,1,0,9.1152,4.8209,85.1619,0.0066,0,0,0.8887,0,811.0257,100,76.9925,2.0375,77.2745,3.0908,4.5417,71.4962,14.1173,60.8217,60.8559,141.8707,166,127132,3.0753,-2.6121
11/14/2017 20:16,741,1,109.2,11.1,49.05,60.15,0,58.4,58.4,119.2,0,A,8,1,1,195,241,878,140,A,Q1,0,0,0,0,0,0,0,0,230.5,1,0,1,28,A,1,0.0123,40.7916,34.8176,23.2979,0,0,0.0862,0.9846,0,690.7527,100,80.3716,3.6149,91.8106,3.2083,5.8192,133.7897,54.2907,58.3764,58.4246,119.2308,167,127133,4.7193,-1.0864
11/14/2017 20:16,742,1,147.1,19.2,63.95,83.15,0,64.4,64.5,165.7,0,A,10,1,1,196,242,878,95,A,Q1,0,0,0,0,0,0,0,0,230.7,1,0,1,28,A,1,0,30.486,3.0766,66.1966,0.0097,0,0.0117,0.2137,0,2865.2173,88.4561,77.7114,2.0606,82.3181,4.3253,4.4955,110.1545,14.9027,64.4349,64.5368,165.673,168,127134,5.0447,-0.8083
11/14/2017 20:16,745,1,116.1,26,45.05,71.05,0,57.7,57.8,126.3,0,A,8,1,1,199,245,878,140,A,Q1,0,0,0,0,0,0,0,0,230.5,1,0,1,28,A,1,0,4.3167,0.3012,95.352,0.0162,0,0,0.007,0,720.4828,100,73.4815,1.2404,79.7256,3.2259,4.821,53.764,14.1535,57.7375,57.7882,126.2615,171,127137,3.3614,-2.5894
11/14/2017 20:16,746,1,115.5,22.7,46.4,69.1,0,58.9,58.9,126.5,0,A,8,1,1,200,246,878,140,A,Q1,0,0,0,0,0,0,0,0,230.4,1,0,1,28,A,1,0,7.2565,3.48,89.1936,0.0096,0,0,0.0555,0,614.4822,100,80.4262,1.5251,32.4645,2.7287,4.8197,68.5262,13.4621,58.8901,58.9443,126.5371,172,127138,4.0497,-4.4275
11/14/2017 20:16,747,1,108.1,27,40.55,67.55,0,56.9,56.9,116.2,0,A,8,1,1,201,247,878,140,A,Q1,0,0,0,0,0,0,0,0,230.7,1,0,1,28,A,1,0,3.982,0.4504,95.4659,0.0662,0,0,0.0331,0,665.6163,100,75.4712,2.0597,59.5396,2.8662,9.738,56.9496,19.3734,56.8669,56.9011,116.2281,173,127139,3.6572,-3.2032
11/14/2017 20:16,749,1,111,25.7,42.65,68.35,0,57.2,57.3,125.2,0,A,8,1,1,203,249,878,140,A,Q1,0,0,0,0,0,0,0,0,230.3,1,0,1,28,A,1,0,8.3684,3.7052,87.7465,0.0389,0,0,0.1337,0,773.8317,100,74.005,2.0851,53.1781,3.4871,5.6205,70.819,21.6645,57.242,57.3118,125.2477,175,127141,4.2442,-2.1185
11/14/2017 20:16,750,1,126.4,21.5,52.45,73.95,0,60.3,60.3,138.4,0,A,9,1,1,204,250,878,115,A,Q1,0,0,0,0,0,0,0,0,231.7,1,0,1,28,A,1,0,3.7998,1.0915,95.0974,0.0045,0,0,0.0045,0,792.9018,100,77.7697,2.1551,43.0019,3.663,4.7995,53.9112,21.6217,60.2818,60.3053,138.4395,176,127142,2.9944,-1.9798
11/14/2017 20:16,751,1,267.7,46.7,110.5,157.2,0,77.9,78,294.9,0,A,12,1,1,205,251,878,63,A,Q1,0,0,0,0,0,0,0,0,231.6,1,0,1,28,A,1,0,12.0604,0.7121,86.831,0.0854,0,0.0101,0.2981,0,1512.9257,100,82.1291,4.5609,36.72,2.7253,3.2546,84.855,13.2027,77.8747,78.0183,294.8902,177,127143,2.1552,-3.0191
11/14/2017 20:16,753,1,132.5,27.5,52.5,80,0,60.6,60.7,145.6,0,A,9,1,1,207,253,878,115,A,Q1,0,0,0,0,0,0,0,0,231.6,1,0,1,28,A,1,0,5.916,0,93.6006,0.0195,0,0,0.4596,0,523.4921,100,77.0309,1.5431,64.7487,3.4753,4.4887,69.2151,16.149,60.6387,60.6892,145.6183,179,127145,2.1715,-1.0621
11/14/2017 20:16,754,1,130.9,20,55.45,75.45,0,59.7,60,141.8,0,A,9,1,1,208,254,878,115,A,Q1,0,0,0,0,0,0,0,0,230.1,1,0,1,28,A,1,0,6.3216,0,93.5283,0.0246,0,0,0.121,0,701.0459,77.2032,75.7925,1.3656,67.0114,2.3559,4.6232,53.3089,6.9849,59.7011,60.0052,141.7665,180,127146,3.4431,0.6419
11/14/2017 20:16,758,1,144,19.3,62.35,81.65,0,62.4,62.5,160,0,A,9,1,1,212,258,878,115,A,Q1,0,0,0,0,0,0,0,0,230.7,1,0,1,28,A,1,0,10.3603,3.575,85.773,0.0344,0,0.0162,0.237,0,762.1333,100,74.215,1.1519,70.3968,3.3995,5.4083,72.1683,25.9388,62.3807,62.4613,159.9613,184,127150,3.6509,-1.8393
11/14/2017 20:16,762,1,94.8,20.4,37.2,57.6,0,53.1,53.2,100.4,0,A,7,1,1,216,262,878,165,A,Q1,0,0,0,0,0,0,0,0,230.4,1,0,1,28,A,1,0,0.3018,0,99.6012,0.0296,0,0.0593,0,0,423.7992,100,71.7734,1.3496,70.8875,3.6844,5.7723,31.5307,12.2318,53.0714,53.1598,100.3507,188,127154,3.3853,-1.3413
11/14/2017 20:16,763,1,122.1,18.2,51.95,70.15,0,58,58,136.1,0,A,8,1,1,217,263,878,140,A,Q1,0,0,0,0,0,0,0,0,230.3,1,0,1,28,A,1,0,8.2144,2.0438,89.1517,0.0328,0,0,0.5552,0,966.4373,95.3763,69.584,1.4699,94.7822,2.7832,4.1437,61.8323,22.9844,57.9698,58.0362,136.1072,189,127155,4.1037,-1.7075
11/14/2017 20:16,764,1,157.2,27.5,64.85,92.35,0,65.3,65.4,177.7,0,A,10,1,1,218,264,878,95,A,Q1,0,0,0,0,0,0,0,0,230.3,1,0,1,28,A,1,0,3.8633,0,96.0992,0.0338,0,0,0,0,2026.0402,100,76.6017,1.6849,77.437,2.899,4.398,64.9556,7.9834,65.3212,65.4219,177.7482,190,127156,3.673,-2.8343
11/14/2017 20:16,769,1,118.9,30.7,44.1,74.8,0,57.8,57.8,127.2,0,A,8,1,1,223,269,878,140,A,Q1,0,0,0,0,0,0,0,0,230,1,0,1,28,A,1,0,7.3261,0,92.471,0.0114,0,0,0.187,0,737.6114,94.2282,70.8748,1.6874,83.3726,2.841,7.077,47.3583,8.0911,57.801,57.8341,127.2132,195,127161,2.7727,-1.7937
11/14/2017 20:16,770,1,143.4,22.6,60.4,83,0,60.6,60.7,160,0,A,9,1,1,224,270,878,115,A,Q1,0,0,0,0,0,0,0,0,230.4,1,0,1,28,A,1,0,71.5953,12.1671,15.5646,0.0442,0,0.0865,0.5326,0,1987.6875,79.0949,66.7449,0.9619,103.1545,2.2642,5.7092,148.4581,9.9244,60.6221,60.6771,159.9623,196,127162,3.9993,-1.9425
11/14/2017 20:16,771,1,113.7,20.4,46.65,67.05,0,57.8,57.9,127.4,0,A,8,1,1,225,271,878,140,A,Q1,0,0,0,0,0,0,0,0,230.5,1,0,1,28,A,1,0,26.2235,7.6355,65.6247,0.0189,0,0.0118,0.4762,0,356.3059,100,74.404,1.8869,74.0571,3.1849,4.897,110.6789,14.7183,57.7984,57.9039,127.4352,197,127163,4.2833,-2.9991
11/14/2017 20:16,772,1,124.1,25.9,49.1,75,0,60.3,60.4,137.3,0,A,9,1,1,226,272,878,115,A,Q1,0,0,0,0,0,0,0,0,231.4,1,0,1,28,A,1,0,11.3391,0.4226,87.913,0.0113,0,0,0.3096,0,1430.0267,92.085,76.8087,1.8526,59.8485,4.5942,5.7688,71.1309,9.9444,60.3222,60.4414,137.3348,198,127164,4.4535,-2.8117
11/14/2017 20:16,774,1,128.3,19.3,54.5,73.8,0,59.7,59.8,137.6,0,A,9,1,1,228,274,878,115,A,Q1,0,0,0,0,0,0,0,0,229.6,1,0,1,28,A,1,0,1.5895,0.5314,97.8382,0.0386,0,0,0,0,524.6484,93.3247,77.0556,2.042,61.0191,4.0936,7.1626,41.8612,9.01,59.7484,59.8315,137.6268,200,127166,4.413,-2.3515
11/14/2017 20:16,775,1,132.4,18.7,56.85,75.55,0,59.3,59.3,144.7,0,A,9,1,1,229,275,878,115,A,Q1,0,0,0,0,0,0,0,0,230.3,1,0,1,28,A,1,0,13.376,6.1124,79.8292,0.0314,0,0,0.6447,0,521.9002,95.2323,68.8597,2.6667,74.1588,3.2637,6.0335,73.5551,19.2707,59.2561,59.2923,144.7196,201,127167,4.6841,-0.2986
11/14/2017 20:16,776,1,93.4,18.4,37.5,55.9,0,53.4,53.4,101.8,0,A,7,1,1,230,276,878,165,A,Q1,0,0,0,0,0,0,0,0,230.8,1,0,1,28,A,1,0,1.8161,0,98.135,0.0461,0,0,0,0,208.3101,93.3247,73.4649,1.6326,72.8804,2.7296,4.0889,37.5782,7.3162,53.4101,53.4474,101.7606,202,127168,2.996,-1.3659
11/14/2017 20:16,777,1,146.5,30.2,58.15,88.35,0,62.8,62.9,163.9,0,A,9,1,1,231,277,878,115,A,Q1,0,0,0,0,0,0,0,0,231.7,1,0,1,28,A,1,0,13.9438,10.093,75.0805,0.0178,0,0.002,0.857,0,1711.9172,34.5258,73.2572,2.0022,95.6867,3.2647,5.4874,91.7575,13.7613,62.8493,62.9405,163.9245,203,127169,4.0413,-0.0044
11/14/2017 20:16,779,1,142.3,25.9,58.2,84.1,0,62.8,62.9,159,0,A,9,1,1,233,279,878,115,A,Q1,0,0,0,0,0,0,0,0,230.2,1,0,1,28,A,1,0.0019,29.6788,0,70.2559,0.0538,0,0,0.0077,0,3476.7158,83.1145,72.9109,0.9177,104.3425,3.0686,5.0621,105.3951,10.4746,62.8339,62.8625,158.9721,205,127171,2.8433,-2.7387
11/14/2017 20:16,780,1,137.6,28.2,54.7,82.9,0,60,60.4,150.8,0,A,9,1,1,234,280,878,115,A,Q1,0,0,0,0,0,0,0,0,230.2,1,0,1,28,A,1,0,2.9797,0,96.9399,0.0502,0,0.006,0.0201,0,894.1002,87.0923,68.7918,1.9463,80.9188,3.4941,6.4557,55.6175,16.9825,60.0437,60.4276,150.7599,206,127172,4.1039,-1.2903
11/14/2017 20:16,781,1,135,33.1,50.95,84.05,0,61.7,61.8,152.1,0,A,9,1,1,235,281,878,115,A,Q1,0,0,0,0,0,0,0,0,230.3,1,0,1,28,A,1,0,7.7185,5.8792,85.8016,0.0227,0,0,0.5698,0,1112.1011,100,75.1154,2.6074,59.2859,4.8065,4.4512,75.7759,30.5395,61.7001,61.8206,152.1194,207,127173,4.7461,-1.7266
11/14/2017 20:16,782,1,134,25.9,54.05,79.95,0,60.5,60.6,146.1,0,A,9,1,1,236,282,878,115,A,Q1,0,0,0,0,0,0,0,0,230.1,1,0,1,28,A,1,0,3.3998,0.1711,96.3392,0.079,0,0,0.0088,0,457.6122,100,74.1374,1.1816,50.3915,2.2833,7.7531,59.0052,12.2385,60.5012,60.5515,146.0896,208,127174,5.9505,-3.5322
11/14/2017 20:16,783,1,141,33.7,53.65,87.35,0,60.8,60.9,159.4,0,A,9,1,1,237,283,878,115,A,Q1,0,0,0,0,0,0,0,0,230.3,1,0,1,28,A,1,0.0247,14.1418,10.8596,73.8773,0,0,0,1.0909,0,1304.7086,62.7958,68.6917,2.1236,109.7105,3.6881,4.2495,91.081,17.4828,60.7913,60.9302,159.3976,209,127175,4.544,-4.0787
11/14/2017 20:16,784,1,149.1,23.8,62.65,86.45,0,63.8,63.9,166.4,0,A,10,1,1,238,284,878,95,A,Q1,0,0,0,0,0,0,0,0,230.1,1,0,1,28,A,1,0,3.0964,0,96.8881,0.0116,0,0,0,0,1108.5293,100,76.4184,1.426,75.5917,3.4181,4.3745,63.1777,11.5563,63.8318,63.8625,166.3968,210,127176,2.679,-3.7422
11/14/2017 20:16,786,1,185.7,15.3,85.2,100.5,0,66.9,67,208.8,0,A,10,1,1,240,286,878,95,A,Q1,0,0,0,0,0,0,0,0,230.4,1,0,1,28,A,1,0,12.1361,11.6289,75.7277,0.0116,0,0,0.489,0,1142.8827,93.7923,70.4612,0.8998,102.8847,2.8409,4.5034,90.4627,28.983,66.9381,66.987,208.7883,212,127178,3.1337,-2.8011
11/14/2017 20:16,788,1,117,21.9,47.55,69.45,0,57.4,57.4,125.3,0,A,8,1,1,242,288,878,140,A,Q1,0,0,0,0,0,0,0,0,230.1,1,0,1,28,A,1,0,16.3109,16.9066,65.7638,0,0,0,1.014,0,392.5217,100,73.3551,1.28,72.859,3.688,5.6145,93.9218,10.0535,57.4004,57.4417,125.3047,214,127180,4.5914,-3.5802
11/14/2017 20:16,790,1,135.3,15.4,59.95,75.35,0,61.6,61.9,145.9,0,A,9,1,1,244,290,878,115,A,Q1,0,0,0,0,0,0,0,0,231.7,1,0,1,28,A,1,0,4.7487,0.5137,94.6469,0.0453,0,0,0.0389,0,977.9137,100,78.9486,1.8586,50.4037,3.0323,7.4688,57.8226,13.2113,61.5552,61.8944,145.8967,216,127182,3.909,-3.5685
11/14/2017 20:16,791,1,126,17.7,54.15,71.85,0,60.5,60.6,137.5,0,A,9,1,1,245,291,878,115,A,Q1,0,0,0,0,0,0,0,0,230.3,1,0,1,28,A,1,0,12.0243,0,87.9597,0.0114,0,0,0,0,841.2235,100,78.8642,1.6233,49.1379,3.8929,7.4021,78.0694,7.5449,60.4907,60.5547,137.5005,217,127183,3.2214,-4.121
11/14/2017 20:16,792,1,110.9,20.2,45.35,65.55,0,58.2,58.2,122.5,0,A,8,1,1,246,292,878,140,A,Q1,0,0,0,0,0,0,0,0,230.5,1,0,1,28,A,1,0,19.9521,5.4168,74.5504,0.0562,0,0,0.0195,0,1049.7717,100,79.3296,2.4071,53.1671,3.5497,6.3933,91.1537,16.3912,58.1692,58.2495,122.4778,218,127184,2.6829,-2.4661
11/14/2017 20:16,793,1,112.6,34,39.3,73.3,0,59,59.3,115.3,0,A,9,1,1,247,293,878,115,A,Q1,0,0,0,0,0,0,0,0,229.6,1,0,1,28,A,1,0,9.4418,0,89.672,0.013,0,0.0078,0.8576,0,228.6972,94.7602,87.1681,2.4978,32.0854,5.1295,4.9314,70.0118,15.793,59.019,59.2734,115.3144,219,127185,3.7202,-3.6216
11/14/2017 20:16,795,1,114.3,24.5,44.9,69.4,0,57.1,57.2,125.8,0,A,8,1,1,249,295,878,140,A,Q1,0,0,0,0,0,0,0,0,230.8,1,0,1,28,A,1,0,4.0898,0.8293,94.6899,0.019,0,0,0.3673,0,478.3339,100,73.2431,1.4956,64.7093,1.8291,5.6701,56.1815,12.6824,57.1468,57.2332,125.7786,221,127187,3.1537,-4.0661
11/14/2017 20:16,796,1,103.8,20.4,41.7,62.1,0,55.5,55.6,109.3,0,A,8,1,1,250,296,878,140,A,Q1,0,0,0,0,0,0,0,0,231.8,1,0,1,28,A,1,0,8.3071,2.3052,89.2107,0.0079,0,0,0.1637,0,263.8757,100,78.1765,1.6312,58.512,3.9604,6.2962,72.3587,16.6391,55.4963,55.6408,109.3152,222,127188,4.6042,-1.767
11/14/2017 20:16,798,1,104.8,21.5,41.65,63.15,0,56.5,56.6,112,0,A,8,1,1,252,298,878,140,A,Q1,0,0,0,0,0,0,0,0,230.3,1,0,1,28,A,1,0,9.0271,0.797,90.0216,0.0231,0,0,0.1234,0,306.809,100,78.5942,1.1541,66.1197,3.4826,5.9001,66.5063,9.5013,56.4694,56.6492,112.0052,224,127190,3.0505,-1.3312
11/14/2017 20:16,805,1,244.6,37,103.8,140.8,0,78.8,82.1,270.8,0,A,13,1,1,3,305,878,Over,A,Q1,0,0,0,0,0,0,0,0,229.6,1,0,1,28,A,1,0.0016,35.5689,4.8911,58.4889,0.1137,0,0,0.9327,0,1559.2305,100,89.6063,5.6648,0,10.3912,4.218,115.4452,24.9909,78.769,82.0835,270.7878,231,127197,4.0521,1.1148
11/14/2017 20:16,806,1,123.5,27,48.25,75.25,0,59.3,59.4,131.6,0,A,9,1,1,4,306,878,115,A,Q1,0,0,0,0,0,0,0,0,230.5,1,0,1,28,A,1,0,8.4594,5.6467,85.8184,0.0071,0,0,0.059,0,626.1665,100,79.2452,2.6651,54.8123,3.7538,4.487,79.3468,13.7315,59.3437,59.3753,131.6215,232,127198,3.9508,-2.0197
11/14/2017 20:16,807,1,100.9,24.7,38.1,62.8,0,55.4,55.4,107.9,0,A,7,1,1,5,307,878,165,A,Q1,0,0,0,0,0,0,0,0,231,1,0,1,28,A,1,0,8.8814,2.8568,87.5993,0.0134,0,0,0.6438,0,286.6867,100,78.8775,2.5514,42.1259,3.0027,5.0506,69.4223,33.1805,55.3596,55.4,107.8731,233,127199,3.272,-3.356
11/14/2017 20:16,811,1,117,26.2,45.4,71.6,0,57,57.1,123.1,0,A,8,1,1,9,311,878,140,A,Q1,0,0,0,0,0,0,0,0,230.8,1,0,1,28,A,1,0,4.8738,4.6041,89.5758,0.0118,0,0,0.9274,0,251.3949,100,73.6949,1.637,73.9756,3.8871,5.9483,52.1125,10.6894,57.021,57.0867,123.075,237,127203,3.6662,-2.351
11/14/2017 20:16,823,1,158.3,26.5,65.9,92.4,0,62.5,62.9,170.4,0,A,9,1,1,21,323,878,115,A,Q1,0,0,0,0,0,0,0,0,230.2,1,0,1,28,A,1,0,2.3011,0.6909,96.9416,0.0293,0,0,0.0351,0,1328.5278,42.2484,73.8085,1.4601,56.8687,3.4729,6.2766,47.5779,9.6512,62.5472,62.882,170.4221,249,127215,2.0953,-2.3256
11/14/2017 20:16,826,1,132.8,20.7,56.05,76.75,0,60.1,60.1,144.2,0,A,9,1,1,24,326,878,115,A,Q1,0,0,0,0,0,0,0,0,230.5,1,0,1,28,A,1,0,7.6453,0,92.2944,0.0172,0,0,0.0409,0,693.6841,100,75.2807,2.0386,62.4629,3.4182,3.9692,47.8375,12.2565,60.0903,60.1211,144.198,252,127218,3.809,-2.58
11/14/2017 20:16,829,1,146.8,39.7,53.55,93.25,0,62.6,62.6,162.7,0,A,9,1,1,27,329,878,115,A,Q1,0,0,0,0,0,0,0,0,230.5,1,0,1,28,A,1,0,7.495,1.0138,91.1693,0,0,0,0.3138,0,953.6473,92.4054,74.5761,1.7466,100.767,2.8028,5.801,70.7836,29.643,62.5519,62.6011,162.7045,255,127221,3.1959,-1.3451
11/14/2017 20:16,31,1,138.5,23.3,57.6,80.9,0,61,61.1,152.4,0,A,9,1,1,209,177,878,115,A,Q1,0,0,0,0,0,0,0,0,230.4,1,0,1,28,A,1,0,6.262,0.7173,92.2478,0.0103,0,0,0.7585,0,749.9677,100,73.6167,1.3722,64.9275,2.8216,6.0514,61.9885,10.7795,61.0255,61.0686,152.3983,181,127403,4.0673,-3.2626
11/14/2017 20:16,35,1,125.1,21,52.05,73.05,0,59.9,60,130.9,0,A,9,1,1,213,181,878,115,A,Q1,0,0,0,0,0,0,0,0,231.5,1,0,1,28,A,1,0,1.1095,0,98.8534,0.0278,0,0,0.0046,0,341.2531,100,81.1663,1.8049,46.6486,3.0715,5.9971,25.2297,10.6603,59.9288,60.0105,130.9418,185,127407,3.1375,-1.8677
,,,,,,,,,,,,,,,,,,,,,,,,,,,,,,,,,,,,,,,,,,,,,,,,,,,,,,,,,,,,,
Weights without Grade,,,,,,,,,,,,,,,,,,,,,,,,,,,,,,,,,,,,,,,,,,,,,,,,,,,,,,,,,,,,,
EventTime,Cup,Lane,Weight,LR_Diff,DownWeight,UpWeight,GradeValue,MajorDiameter,MinorDiameter,Volume,VisionGrade,Grade,SizerSize,SizerGrade,SizerQuality,RodPulse,RodIndex,BatchId,SizeName,GradeName,QualityName,InternalQuality1,InternalQuality2,InternalQuality3,InternalQuality4,InternalQuality5,InternalQuality6,InternalQuality7,InternalQuality8,CupWeight,FruitLength,Subkey,Provider,,,,,,,,,,,,,,,,,,,,,,,,,,,,
,,,,,,,,,,,,,,,,,,,,,,,,,,,,,,,,,,,,,,,,,,,,,,,,,,,,,,,,,,,,,
Grades without Weight,,,,,,,,,,,,,,,,,,,,,,,,,,,,,,,,,,,,,,,,,,,,,,,,,,,,,,,,,,,,,
Grade,Lane,Dark Yellow,Yellow,Light Yellow,Light Green,Green,Dark Green,Scar,Start of Batch,Conveyor,Texture,Smoothness,Roundness,Vertical Diameter Stability,Stem Area,Curvature,Flatness,Lemon (Dark Yellow +),2nd Color Variation (Dark Yellow +),Major Diameter (mm),Minor Diameter (mm),Volume (ml),Cyclic Rod Number,Trip Rod,Fruit Center X (mm),Fruit Center Y (mm),,,,,,,,,,,,,,,,,,,,,,,,,,,,,,,,,,,
